,contributor_uuid,topic_name,start_pos,blank,end_pos,article_text_length,article_number,created,cumulative,start_pos_adjusted,end_pos_adjusted
0,00f548,2,113,,259,3885,2005,2020-03-19 15:43:21.602256,3885,113,259
1,00f548,2,699,,1058,3885,2005,2020-03-19 15:43:21.602256,3885,699,1058
2,00f548,2,1565,,1600,3885,2005,2020-03-19 15:43:21.602256,3885,1565,1600
3,00f548,2,1624,,1879,3885,2005,2020-03-19 15:43:21.602256,3885,1624,1879
4,00f548,2,1931,,2436,3885,2005,2020-03-19 15:43:21.602256,3885,1931,2436
5,00f548,2,2636,,2826,3885,2005,2020-03-19 15:43:21.602256,3885,2636,2826
6,00f548,2,2874,,3146,3885,2005,2020-03-19 15:43:21.602256,3885,2874,3146
7,00f548,2,3149,,3291,3885,2005,2020-03-19 15:43:21.602256,3885,3149,3291
8,00f548,2,3294,,3608,3885,2005,2020-03-19 15:43:21.602256,3885,3294,3608
9,343ecb,2,164,,370,3885,2005,2020-05-07 18:27:59.856639,3885,164,370
10,343ecb,2,592,,756,3885,2005,2020-05-07 18:27:59.856639,3885,592,756
11,343ecb,2,758,,1058,3885,2005,2020-05-07 18:27:59.856639,3885,758,1058
12,343ecb,2,1883,,2632,3885,2005,2020-05-07 18:27:59.856639,3885,1883,2632
13,343ecb,2,2636,,2826,3885,2005,2020-05-07 18:27:59.856639,3885,2636,2826
14,343ecb,2,2874,,3146,3885,2005,2020-05-07 18:27:59.856639,3885,2874,3146
15,343ecb,2,3147,,3149,3885,2005,2020-05-07 18:27:59.856639,3885,3147,3149
16,343ecb,2,3612,,3811,3885,2005,2020-05-07 18:27:59.856639,3885,3612,3811
17,76f739,2,2829,,2872,3885,2005,2020-09-13 21:51:52.005354,3885,2829,2872
18,76f739,2,3726,,3811,3885,2005,2020-09-13 21:51:52.005354,3885,3726,3811
19,8f5ca4,2,183,,370,3885,2005,2020-05-07 18:14:22.876645,3885,183,370
20,8f5ca4,2,592,,2436,3885,2005,2020-05-07 18:14:22.876645,3885,592,2436
21,8f5ca4,2,2440,,2826,3885,2005,2020-05-07 18:14:22.876645,3885,2440,2826
22,8f5ca4,2,2829,,3146,3885,2005,2020-05-07 18:14:22.876645,3885,2829,3146
23,bd7860,2,262,,370,3885,2005,2020-03-19 17:06:08.423429,3885,262,370
24,bd7860,2,699,,756,3885,2005,2020-03-19 17:06:08.423429,3885,699,756
25,bd7860,2,824,,879,3885,2005,2020-03-19 17:06:08.423429,3885,824,879
26,bd7860,2,2133,,2208,3885,2005,2020-03-19 17:06:08.423429,3885,2133,2208
27,bd7860,2,3240,,3291,3885,2005,2020-03-19 17:06:08.423429,3885,3240,3291
28,bd7860,2,3623,,3811,3885,2005,2020-03-19 17:06:08.423429,3885,3623,3811
29,e08341,2,113,,259,3885,2005,2020-03-19 17:03:03.105138,3885,113,259
30,e08341,2,262,,370,3885,2005,2020-03-19 17:03:03.105138,3885,262,370
31,e08341,2,758,,879,3885,2005,2020-03-19 17:03:03.105138,3885,758,879
32,e08341,2,882,,1512,3885,2005,2020-03-19 17:03:03.105138,3885,882,1512
33,e08341,2,1624,,2436,3885,2005,2020-03-19 17:03:03.105138,3885,1624,2436
34,e08341,2,2440,,3146,3885,2005,2020-03-19 17:03:03.105138,3885,2440,3146
35,f3a07c,2,726,,879,3885,2005,2020-07-02 18:06:51.067874,3885,726,879
36,f3a07c,2,882,,1058,3885,2005,2020-07-02 18:06:51.067874,3885,882,1058
37,f3a07c,2,1064,,1562,3885,2005,2020-07-02 18:06:51.067874,3885,1064,1562
38,f3a07c,2,1624,,1879,3885,2005,2020-07-02 18:06:51.067874,3885,1624,1879
39,f3a07c,2,1931,,2129,3885,2005,2020-07-02 18:06:51.067874,3885,1931,2129
40,f3a07c,2,2211,,2436,3885,2005,2020-07-02 18:06:51.067874,3885,2211,2436
41,f3a07c,2,2488,,2632,3885,2005,2020-07-02 18:06:51.067874,3885,2488,2632
42,f3a07c,2,2874,,3146,3885,2005,2020-07-02 18:06:51.067874,3885,2874,3146
43,343ecb,2,156,,333,1870,100054,2020-05-07 18:28:02.553723,5755,4041,4218
44,343ecb,2,337,,542,1870,100054,2020-05-07 18:28:02.553723,5755,4222,4427
45,343ecb,2,545,,776,1870,100054,2020-05-07 18:28:02.553723,5755,4430,4661
46,343ecb,2,953,,1100,1870,100054,2020-05-07 18:28:02.553723,5755,4838,4985
47,343ecb,2,1104,,1240,1870,100054,2020-05-07 18:28:02.553723,5755,4989,5125
48,343ecb,2,1243,,1397,1870,100054,2020-05-07 18:28:02.553723,5755,5128,5282
49,343ecb,2,1490,,1540,1870,100054,2020-05-07 18:28:02.553723,5755,5375,5425
50,343ecb,2,1543,,1744,1870,100054,2020-05-07 18:28:02.553723,5755,5428,5629
51,76f739,2,545,,588,1870,100054,2020-09-13 21:51:52.105173,5755,4430,4473
52,8f5ca4,2,152,,287,1870,100054,2020-05-07 18:14:23.027948,5755,4037,4172
53,8f5ca4,2,293,,333,1870,100054,2020-05-07 18:14:23.027948,5755,4178,4218
54,8f5ca4,2,337,,445,1870,100054,2020-05-07 18:14:23.027948,5755,4222,4330
55,8f5ca4,2,545,,776,1870,100054,2020-05-07 18:14:23.027948,5755,4430,4661
56,8f5ca4,2,780,,1100,1870,100054,2020-05-07 18:14:23.027948,5755,4665,4985
57,8f5ca4,2,1104,,1240,1870,100054,2020-05-07 18:14:23.027948,5755,4989,5125
58,8f5ca4,2,1243,,1314,1870,100054,2020-05-07 18:14:23.027948,5755,5128,5199
59,8f5ca4,2,1316,,1397,1870,100054,2020-05-07 18:14:23.027948,5755,5201,5282
60,8f5ca4,2,1490,,1540,1870,100054,2020-05-07 18:14:23.027948,5755,5375,5425
61,8f5ca4,2,1543,,1744,1870,100054,2020-05-07 18:14:23.027948,5755,5428,5629
62,8f5ca4,2,1747,,1868,1870,100054,2020-05-07 18:14:23.027948,5755,5632,5753
63,aac18e,2,136,,287,1870,100054,2020-03-18 00:15:42.364545,5755,4021,4172
64,aac18e,2,563,,776,1870,100054,2020-03-18 00:15:42.364545,5755,4448,4661
65,aac18e,2,651,,667,1870,100054,2020-03-18 00:15:42.364545,5755,4536,4552
66,bd7860,2,152,,333,1870,100054,2020-03-18 00:25:58.483654,5755,4037,4218
67,bd7860,2,595,,776,1870,100054,2020-03-18 00:25:58.483654,5755,4480,4661
68,bd7860,2,888,,1100,1870,100054,2020-03-18 00:25:58.483654,5755,4773,4985
69,bd7860,2,1243,,1397,1870,100054,2020-03-18 00:25:58.483654,5755,5128,5282
70,bd7860,2,1543,,1744,1870,100054,2020-03-18 00:25:58.483654,5755,5428,5629
71,e08341,2,152,,333,1870,100054,2020-03-18 00:25:55.039016,5755,4037,4218
72,e08341,2,595,,776,1870,100054,2020-03-18 00:25:55.039016,5755,4480,4661
73,e08341,2,888,,1100,1870,100054,2020-03-18 00:25:55.039016,5755,4773,4985
74,e08341,2,1104,,1397,1870,100054,2020-03-18 00:25:55.039016,5755,4989,5282
75,e08341,2,1400,,1744,1870,100054,2020-03-18 00:25:55.039016,5755,5285,5629
76,f91436,2,152,,333,1870,100054,2020-03-19 16:03:35.853645,5755,4037,4218
77,f91436,2,651,,776,1870,100054,2020-03-19 16:03:35.853645,5755,4536,4661
78,f91436,2,1653,,1744,1870,100054,2020-03-19 16:03:35.853645,5755,5538,5629
79,00f548,2,609,,827,3598,100055,2020-03-19 15:43:21.718835,9353,6364,6582
80,00f548,2,1433,,1637,3598,100055,2020-03-19 15:43:21.718835,9353,7188,7392
81,00f548,2,1786,,1888,3598,100055,2020-03-19 15:43:21.718835,9353,7541,7643
82,00f548,2,2306,,2528,3598,100055,2020-03-19 15:43:21.718835,9353,8061,8283
83,00f548,2,2834,,3208,3598,100055,2020-03-19 15:43:21.718835,9353,8589,8963
84,0b2ee3,2,1299,,1409,3598,100055,2020-03-19 17:30:54.902158,9353,7054,7164
85,343ecb,2,164,,415,3598,100055,2020-05-07 18:49:18.525140,9353,5919,6170
86,343ecb,2,418,,606,3598,100055,2020-05-07 18:49:18.525140,9353,6173,6361
87,343ecb,2,609,,827,3598,100055,2020-05-07 18:49:18.525140,9353,6364,6582
88,343ecb,2,830,,1248,3598,100055,2020-05-07 18:49:18.525140,9353,6585,7003
89,343ecb,2,1251,,1409,3598,100055,2020-05-07 18:49:18.525140,9353,7006,7164
90,343ecb,2,1412,,1637,3598,100055,2020-05-07 18:49:18.525140,9353,7167,7392
91,343ecb,2,1640,,1783,3598,100055,2020-05-07 18:49:18.525140,9353,7395,7538
92,343ecb,2,1786,,1888,3598,100055,2020-05-07 18:49:18.525140,9353,7541,7643
93,343ecb,2,1892,,2067,3598,100055,2020-05-07 18:49:18.525140,9353,7647,7822
94,343ecb,2,2085,,2303,3598,100055,2020-05-07 18:49:18.525140,9353,7840,8058
95,343ecb,2,2306,,2528,3598,100055,2020-05-07 18:49:18.525140,9353,8061,8283
96,343ecb,2,2531,,2723,3598,100055,2020-05-07 18:49:18.525140,9353,8286,8478
97,343ecb,2,2834,,3208,3598,100055,2020-05-07 18:49:18.525140,9353,8589,8963
98,343ecb,2,3435,,3596,3598,100055,2020-05-07 18:49:18.525140,9353,9190,9351
99,8f5ca4,2,243,,322,3598,100055,2020-05-07 18:49:07.275720,9353,5998,6077
100,8f5ca4,2,463,,523,3598,100055,2020-05-07 18:49:07.275720,9353,6218,6278
101,8f5ca4,2,565,,606,3598,100055,2020-05-07 18:49:07.275720,9353,6320,6361
102,8f5ca4,2,623,,827,3598,100055,2020-05-07 18:49:07.275720,9353,6378,6582
103,8f5ca4,2,910,,1248,3598,100055,2020-05-07 18:49:07.275720,9353,6665,7003
104,8f5ca4,2,1251,,1409,3598,100055,2020-05-07 18:49:07.275720,9353,7006,7164
105,8f5ca4,2,1463,,1637,3598,100055,2020-05-07 18:49:07.275720,9353,7218,7392
106,8f5ca4,2,1672,,1783,3598,100055,2020-05-07 18:49:07.275720,9353,7427,7538
107,8f5ca4,2,1786,,2067,3598,100055,2020-05-07 18:49:07.275720,9353,7541,7822
108,8f5ca4,2,2085,,2303,3598,100055,2020-05-07 18:49:07.275720,9353,7840,8058
109,8f5ca4,2,2306,,2528,3598,100055,2020-05-07 18:49:07.275720,9353,8061,8283
110,8f5ca4,2,2531,,2723,3598,100055,2020-05-07 18:49:07.275720,9353,8286,8478
111,8f5ca4,2,2834,,2969,3598,100055,2020-05-07 18:49:07.275720,9353,8589,8724
112,8f5ca4,2,3017,,3208,3598,100055,2020-05-07 18:49:07.275720,9353,8772,8963
113,8f5ca4,2,3435,,3596,3598,100055,2020-05-07 18:49:07.275720,9353,9190,9351
114,bd7860,2,164,,415,3598,100055,2020-03-19 17:06:08.532011,9353,5919,6170
115,bd7860,2,418,,606,3598,100055,2020-03-19 17:06:08.532011,9353,6173,6361
116,bd7860,2,1251,,1409,3598,100055,2020-03-19 17:06:08.532011,9353,7006,7164
117,bd7860,2,2229,,2303,3598,100055,2020-03-19 17:06:08.532011,9353,7984,8058
118,e08341,2,418,,475,3598,100055,2020-03-19 17:03:03.234283,9353,6173,6230
119,e08341,2,463,,827,3598,100055,2020-03-19 17:03:03.234283,9353,6218,6582
120,e08341,2,1444,,1539,3598,100055,2020-03-19 17:03:03.234283,9353,7199,7294
121,e08341,2,1786,,1888,3598,100055,2020-03-19 17:03:03.234283,9353,7541,7643
122,e08341,2,1892,,2067,3598,100055,2020-03-19 17:03:03.234283,9353,7647,7822
123,e08341,2,2233,,2303,3598,100055,2020-03-19 17:03:03.234283,9353,7988,8058
124,e08341,2,2306,,2528,3598,100055,2020-03-19 17:03:03.234283,9353,8061,8283
125,e08341,2,2531,,2723,3598,100055,2020-03-19 17:03:03.234283,9353,8286,8478
126,e08341,2,2725,,2830,3598,100055,2020-03-19 17:03:03.234283,9353,8480,8585
127,e08341,2,2834,,3208,3598,100055,2020-03-19 17:03:03.234283,9353,8589,8963
128,e08341,2,3211,,3431,3598,100055,2020-03-19 17:03:03.234283,9353,8966,9186
129,e08341,2,3435,,3596,3598,100055,2020-03-19 17:03:03.234283,9353,9190,9351
130,e44f57,2,1235,,1238,3598,100055,2020-03-19 17:18:59.456961,9353,6990,6993
131,e44f57,2,2085,,2303,3598,100055,2020-03-19 17:18:59.456961,9353,7840,8058
132,e44f57,2,3211,,3431,3598,100055,2020-03-19 17:18:59.456961,9353,8966,9186
133,f91436,2,164,,415,3598,100055,2020-03-19 16:15:19.275326,9353,5919,6170
134,f91436,2,418,,606,3598,100055,2020-03-19 16:15:19.275326,9353,6173,6361
135,f91436,2,1299,,1409,3598,100055,2020-03-19 16:15:19.275326,9353,7054,7164
136,f91436,2,2085,,2227,3598,100055,2020-03-19 16:15:19.275326,9353,7840,7982
137,f91436,2,2229,,2303,3598,100055,2020-03-19 16:15:19.275326,9353,7984,8058
138,f91436,2,2310,,2384,3598,100055,2020-03-19 16:15:19.275326,9353,8065,8139
139,f91436,2,2428,,2528,3598,100055,2020-03-19 16:15:19.275326,9353,8183,8283
140,f91436,2,2531,,2723,3598,100055,2020-03-19 16:15:19.275326,9353,8286,8478
141,f91436,2,3376,,3431,3598,100055,2020-03-19 16:15:19.275326,9353,9131,9186
142,0b2ee3,2,662,,782,4555,100056,2020-03-19 17:30:55.098165,13908,10015,10135
143,0b2ee3,2,785,,1101,4555,100056,2020-03-19 17:30:55.098165,13908,10138,10454
144,0b2ee3,2,3313,,3563,4555,100056,2020-03-19 17:30:55.098165,13908,12666,12916
145,bd7860,2,1631,,1808,4555,100056,2020-03-19 17:54:04.121504,13908,10984,11161
146,bd7860,2,2504,,2688,4555,100056,2020-03-19 17:54:04.121504,13908,11857,12041
147,bd7860,2,3313,,3563,4555,100056,2020-03-19 17:54:04.121504,13908,12666,12916
148,bd7860,2,3720,,3883,4555,100056,2020-03-19 17:54:04.121504,13908,13073,13236
149,bd7860,2,3886,,4229,4555,100056,2020-03-19 17:54:04.121504,13908,13239,13582
150,bd7860,2,4408,,4553,4555,100056,2020-03-19 17:54:04.121504,13908,13761,13906
151,e08341,2,109,,205,4555,100056,2020-03-19 17:29:01.997935,13908,9462,9558
152,e08341,2,662,,709,4555,100056,2020-03-19 17:29:01.997935,13908,10015,10062
153,e08341,2,711,,744,4555,100056,2020-03-19 17:29:01.997935,13908,10064,10097
154,e08341,2,731,,782,4555,100056,2020-03-19 17:29:01.997935,13908,10084,10135
155,e08341,2,785,,1533,4555,100056,2020-03-19 17:29:01.997935,13908,10138,10886
156,e08341,2,1536,,2688,4555,100056,2020-03-19 17:29:01.997935,13908,10889,12041
157,e08341,2,2726,,2956,4555,100056,2020-03-19 17:29:01.997935,13908,12079,12309
158,e08341,2,2959,,3138,4555,100056,2020-03-19 17:29:01.997935,13908,12312,12491
159,e08341,2,3141,,3563,4555,100056,2020-03-19 17:29:01.997935,13908,12494,12916
160,e08341,2,3566,,3883,4555,100056,2020-03-19 17:29:01.997935,13908,12919,13236
161,e08341,2,3886,,4229,4555,100056,2020-03-19 17:29:01.997935,13908,13239,13582
162,e08341,2,4232,,4553,4555,100056,2020-03-19 17:29:01.997935,13908,13585,13906
163,e44f57,2,785,,1101,4555,100056,2020-03-19 17:19:02.442144,13908,10138,10454
164,e44f57,2,1104,,1533,4555,100056,2020-03-19 17:19:02.442144,13908,10457,10886
165,e44f57,2,1536,,1873,4555,100056,2020-03-19 17:19:02.442144,13908,10889,11226
166,e44f57,2,1876,,2309,4555,100056,2020-03-19 17:19:02.442144,13908,11229,11662
167,e44f57,2,2312,,2688,4555,100056,2020-03-19 17:19:02.442144,13908,11665,12041
168,e44f57,2,3141,,3563,4555,100056,2020-03-19 17:19:02.442144,13908,12494,12916
169,e44f57,2,3566,,3718,4555,100056,2020-03-19 17:19:02.442144,13908,12919,13071
170,e44f57,2,3720,,3883,4555,100056,2020-03-19 17:19:02.442144,13908,13073,13236
171,e44f57,2,3886,,4229,4555,100056,2020-03-19 17:19:02.442144,13908,13239,13582
172,f91436,2,1631,,1808,4555,100056,2020-03-19 16:08:11.028212,13908,10984,11161
173,f91436,2,2504,,2688,4555,100056,2020-03-19 16:08:11.028212,13908,11857,12041
174,f91436,2,2965,,3138,4555,100056,2020-03-19 16:08:11.028212,13908,12318,12491
175,f91436,2,3313,,3563,4555,100056,2020-03-19 16:08:11.028212,13908,12666,12916
176,f91436,2,3566,,3718,4555,100056,2020-03-19 16:08:11.028212,13908,12919,13071
177,f91436,2,3720,,3883,4555,100056,2020-03-19 16:08:11.028212,13908,13073,13236
178,f91436,2,4117,,4229,4555,100056,2020-03-19 16:08:11.028212,13908,13470,13582
179,f91436,2,4408,,4553,4555,100056,2020-03-19 16:08:11.028212,13908,13761,13906
180,592ad4,2,281,,322,1630,100057,2020-09-15 06:06:36.783951,15538,14189,14230
181,592ad4,2,333,,551,1630,100057,2020-09-15 06:06:36.783951,15538,14241,14459
182,592ad4,2,914,,1061,1630,100057,2020-09-15 06:06:36.783951,15538,14822,14969
183,592ad4,2,1063,,1091,1630,100057,2020-09-15 06:06:36.783951,15538,14971,14999
184,592ad4,2,1130,,1154,1630,100057,2020-09-15 06:06:36.783951,15538,15038,15062
185,592ad4,2,1156,,1273,1630,100057,2020-09-15 06:06:36.783951,15538,15064,15181
186,bd7860,2,115,,250,1630,100057,2020-03-19 18:01:24.585932,15538,14023,14158
187,bd7860,2,566,,750,1630,100057,2020-03-19 18:01:24.585932,15538,14474,14658
188,bd7860,2,1290,,1410,1630,100057,2020-03-19 18:01:24.585932,15538,15198,15318
189,bd7860,2,1412,,1497,1630,100057,2020-03-19 18:01:24.585932,15538,15320,15405
190,bd7860,2,1499,,1628,1630,100057,2020-03-19 18:01:24.585932,15538,15407,15536
191,e08341,2,108,,250,1630,100057,2020-03-19 18:30:39.415358,15538,14016,14158
192,e08341,2,253,,551,1630,100057,2020-03-19 18:30:39.415358,15538,14161,14459
193,e08341,2,554,,750,1630,100057,2020-03-19 18:30:39.415358,15538,14462,14658
194,e08341,2,753,,911,1630,100057,2020-03-19 18:30:39.415358,15538,14661,14819
195,e08341,2,914,,1101,1630,100057,2020-03-19 18:30:39.415358,15538,14822,15009
196,e08341,2,1104,,1273,1630,100057,2020-03-19 18:30:39.415358,15538,15012,15181
197,e08341,2,1276,,1628,1630,100057,2020-03-19 18:30:39.415358,15538,15184,15536
198,f91436,2,115,,250,1630,100057,2020-03-19 06:53:46.098337,15538,14023,14158
199,f91436,2,685,,750,1630,100057,2020-03-19 06:53:46.098337,15538,14593,14658
200,f91436,2,783,,911,1630,100057,2020-03-19 06:53:46.098337,15538,14691,14819
201,f91436,2,1276,,1497,1630,100057,2020-03-19 06:53:46.098337,15538,15184,15405
202,0b2ee3,2,1009,,1357,2499,100058,2020-03-19 17:36:52.440534,18037,16547,16895
203,0b2ee3,2,1359,,1440,2499,100058,2020-03-19 17:36:52.440534,18037,16897,16978
204,0b2ee3,2,1805,,1985,2499,100058,2020-03-19 17:36:52.440534,18037,17343,17523
205,592ad4,2,110,,267,2499,100058,2020-09-16 01:21:00.912507,18037,15648,15805
206,592ad4,2,269,,319,2499,100058,2020-09-16 01:21:00.912507,18037,15807,15857
207,592ad4,2,1805,,1906,2499,100058,2020-09-16 01:21:00.912507,18037,17343,17444
208,592ad4,2,1935,,1985,2499,100058,2020-09-16 01:21:00.912507,18037,17473,17523
209,bd7860,2,110,,267,2499,100058,2020-03-19 18:07:15.830745,18037,15648,15805
210,bd7860,2,1818,,1906,2499,100058,2020-03-19 18:07:15.830745,18037,17356,17444
211,bd7860,2,2419,,2497,2499,100058,2020-03-19 18:07:15.830745,18037,17957,18035
212,e08341,2,110,,1440,2499,100058,2020-03-20 18:12:20.772738,18037,15648,16978
213,e08341,2,1473,,1802,2499,100058,2020-03-20 18:12:20.772738,18037,17011,17340
214,e08341,2,1805,,1985,2499,100058,2020-03-20 18:12:20.772738,18037,17343,17523
215,e08341,2,1988,,2497,2499,100058,2020-03-20 18:12:20.772738,18037,17526,18035
216,e44f57,2,114,,267,2499,100058,2020-03-19 17:33:02.091704,18037,15652,15805
217,e44f57,2,801,,1440,2499,100058,2020-03-19 17:33:02.091704,18037,16339,16978
218,e44f57,2,1473,,1802,2499,100058,2020-03-19 17:33:02.091704,18037,17011,17340
219,e44f57,2,2219,,2497,2499,100058,2020-03-19 17:33:02.091704,18037,17757,18035
220,0b2ee3,2,109,,387,6794,100059,2020-10-02 19:51:23.641788,24831,18146,18424
221,0b2ee3,2,675,,804,6794,100059,2020-10-02 19:51:23.641788,24831,18712,18841
222,0b2ee3,2,1401,,1560,6794,100059,2020-10-02 19:51:23.641788,24831,19438,19597
223,0b2ee3,2,4511,,4595,6794,100059,2020-10-02 19:51:23.641788,24831,22548,22632
224,0b2ee3,2,5368,,5465,6794,100059,2020-10-02 19:51:23.641788,24831,23405,23502
225,0b2ee3,2,5467,,5600,6794,100059,2020-10-02 19:51:23.641788,24831,23504,23637
226,592ad4,2,1114,,1143,6794,100059,2020-09-16 01:24:16.334607,24831,19151,19180
227,592ad4,2,1165,,1399,6794,100059,2020-09-16 01:24:16.334607,24831,19202,19436
228,592ad4,2,4058,,4129,6794,100059,2020-09-16 01:24:16.334607,24831,22095,22166
229,592ad4,2,4144,,4345,6794,100059,2020-09-16 01:24:16.334607,24831,22181,22382
230,592ad4,2,4607,,4756,6794,100059,2020-09-16 01:24:16.334607,24831,22644,22793
231,592ad4,2,4758,,5093,6794,100059,2020-09-16 01:24:16.334607,24831,22795,23130
232,e08341,2,6673,,6677,6794,100059,2020-06-14 23:14:12.008781,24831,24710,24714
233,e44f57,2,0,,2236,6794,100059,2020-06-10 21:49:03.482934,24831,18037,20273
234,e44f57,2,221,,387,6794,100059,2020-06-10 21:49:03.482934,24831,18258,18424
235,e44f57,2,2536,,2792,6794,100059,2020-06-10 21:49:03.482934,24831,20573,20829
236,e44f57,2,3049,,3702,6794,100059,2020-06-10 21:49:03.482934,24831,21086,21739
237,e44f57,2,3764,,4345,6794,100059,2020-06-10 21:49:03.482934,24831,21801,22382
238,e44f57,2,4348,,5366,6794,100059,2020-06-10 21:49:03.482934,24831,22385,23403
239,e44f57,2,5368,,5600,6794,100059,2020-06-10 21:49:03.482934,24831,23405,23637
240,e44f57,2,5602,,5853,6794,100059,2020-06-10 21:49:03.482934,24831,23639,23890
241,e44f57,2,5855,,6096,6794,100059,2020-06-10 21:49:03.482934,24831,23892,24133
242,e44f57,2,6507,,6543,6794,100059,2020-06-10 21:49:03.482934,24831,24544,24580
243,e44f57,2,6545,,6791,6794,100059,2020-06-10 21:49:03.482934,24831,24582,24828
244,452115,2,407,,412,3809,100062,2020-09-24 20:12:52.909279,28640,25238,25243
245,e08341,2,328,,797,3809,100062,2020-06-16 22:21:09.631164,28640,25159,25628
246,e08341,2,800,,894,3809,100062,2020-06-16 22:21:09.631164,28640,25631,25725
247,e08341,2,897,,1063,3809,100062,2020-06-16 22:21:09.631164,28640,25728,25894
248,e08341,2,1123,,1222,3809,100062,2020-06-16 22:21:09.631164,28640,25954,26053
249,e08341,2,1224,,1440,3809,100062,2020-06-16 22:21:09.631164,28640,26055,26271
250,e08341,2,1443,,1570,3809,100062,2020-06-16 22:21:09.631164,28640,26274,26401
251,e08341,2,1770,,1914,3809,100062,2020-06-16 22:21:09.631164,28640,26601,26745
252,e08341,2,1917,,2186,3809,100062,2020-06-16 22:21:09.631164,28640,26748,27017
253,e08341,2,2203,,3135,3809,100062,2020-06-16 22:21:09.631164,28640,27034,27966
254,e08341,2,3138,,3466,3809,100062,2020-06-16 22:21:09.631164,28640,27969,28297
255,e08341,2,3469,,3807,3809,100062,2020-06-16 22:21:09.631164,28640,28300,28638
256,e44f57,2,390,,894,3809,100062,2020-06-10 21:49:03.628265,28640,25221,25725
257,e44f57,2,1123,,2186,3809,100062,2020-06-10 21:49:03.628265,28640,25954,27017
258,e44f57,2,2288,,2399,3809,100062,2020-06-10 21:49:03.628265,28640,27119,27230
259,e44f57,2,2403,,2772,3809,100062,2020-06-10 21:49:03.628265,28640,27234,27603
260,e44f57,2,2910,,3135,3809,100062,2020-06-10 21:49:03.628265,28640,27741,27966
261,e44f57,2,3138,,3466,3809,100062,2020-06-10 21:49:03.628265,28640,27969,28297
262,e08341,2,103,,610,1585,100063,2020-08-29 17:18:03.012871,30225,28743,29250
263,e08341,2,614,,1103,1585,100063,2020-08-29 17:18:03.012871,30225,29254,29743
264,e08341,2,1105,,1371,1585,100063,2020-08-29 17:18:03.012871,30225,29745,30011
265,e08341,2,1374,,1583,1585,100063,2020-08-29 17:18:03.012871,30225,30014,30223
266,e08341,2,144,,780,2645,100064,2020-08-29 17:18:03.136367,32870,30369,31005
267,e08341,2,783,,1152,2645,100064,2020-08-29 17:18:03.136367,32870,31008,31377
268,e08341,2,1155,,1453,2645,100064,2020-08-29 17:18:03.136367,32870,31380,31678
269,e08341,2,1583,,1737,2645,100064,2020-08-29 17:18:03.136367,32870,31808,31962
270,e08341,2,1740,,2643,2645,100064,2020-08-29 17:18:03.136367,32870,31965,32868
271,41a6c6,2,0,,393,3635,100066,2020-10-02 23:21:38.401159,36505,32870,33263
272,41a6c6,2,396,,873,3635,100066,2020-10-02 23:21:38.401159,36505,33266,33743
273,41a6c6,2,877,,1422,3635,100066,2020-10-02 23:21:38.401159,36505,33747,34292
274,41a6c6,2,1716,,1934,3635,100066,2020-10-02 23:21:38.401159,36505,34586,34804
275,41a6c6,2,1938,,2419,3635,100066,2020-10-02 23:21:38.401159,36505,34808,35289
276,41a6c6,2,2423,,2827,3635,100066,2020-10-02 23:21:38.401159,36505,35293,35697
277,41a6c6,2,2998,,3313,3635,100066,2020-10-02 23:21:38.401159,36505,35868,36183
278,bbe329,2,47,,127,3635,100066,2020-10-02 23:26:22.853363,36505,32917,32997
279,bbe329,2,564,,844,3635,100066,2020-10-02 23:26:22.853363,36505,33434,33714
280,bbe329,2,846,,873,3635,100066,2020-10-02 23:26:22.853363,36505,33716,33743
281,bbe329,2,2829,,3313,3635,100066,2020-10-02 23:26:22.853363,36505,35699,36183
282,c386e6,2,0,,873,3635,100066,2020-10-02 23:26:29.299806,36505,32870,33743
283,c386e6,2,877,,1422,3635,100066,2020-10-02 23:26:29.299806,36505,33747,34292
284,c386e6,2,1716,,1934,3635,100066,2020-10-02 23:26:29.299806,36505,34586,34804
285,c386e6,2,1938,,2419,3635,100066,2020-10-02 23:26:29.299806,36505,34808,35289
286,c386e6,2,2423,,2827,3635,100066,2020-10-02 23:26:29.299806,36505,35293,35697
287,c386e6,2,2829,,3313,3635,100066,2020-10-02 23:26:29.299806,36505,35699,36183
288,e08341,2,0,,393,3635,100066,2020-09-12 18:27:13.377863,36505,32870,33263
289,e08341,2,396,,560,3635,100066,2020-09-12 18:27:13.377863,36505,33266,33430
290,e08341,2,564,,769,3635,100066,2020-09-12 18:27:13.377863,36505,33434,33639
291,e08341,2,772,,873,3635,100066,2020-09-12 18:27:13.377863,36505,33642,33743
292,e08341,2,877,,1713,3635,100066,2020-09-12 18:27:13.377863,36505,33747,34583
293,e08341,2,1716,,2251,3635,100066,2020-09-12 18:27:13.377863,36505,34586,35121
294,e08341,2,2256,,2419,3635,100066,2020-09-12 18:27:13.377863,36505,35126,35289
295,e08341,2,2423,,2864,3635,100066,2020-09-12 18:27:13.377863,36505,35293,35734
296,e08341,2,2866,,3313,3635,100066,2020-09-12 18:27:13.377863,36505,35736,36183
297,41a6c6,2,94,,247,2024,100067,2020-10-03 00:04:06.668215,38529,36599,36752
298,41a6c6,2,314,,395,2024,100067,2020-10-03 00:04:06.668215,38529,36819,36900
299,41a6c6,2,481,,574,2024,100067,2020-10-03 00:04:06.668215,38529,36986,37079
300,41a6c6,2,744,,918,2024,100067,2020-10-03 00:04:06.668215,38529,37249,37423
301,41a6c6,2,1114,,1308,2024,100067,2020-10-03 00:04:06.668215,38529,37619,37813
302,41a6c6,2,1499,,1738,2024,100067,2020-10-03 00:04:06.668215,38529,38004,38243
303,41a6c6,2,1778,,1971,2024,100067,2020-10-03 00:04:06.668215,38529,38283,38476
304,bbe329,2,94,,247,2024,100067,2020-10-03 00:04:10.490436,38529,36599,36752
305,bbe329,2,314,,395,2024,100067,2020-10-03 00:04:10.490436,38529,36819,36900
306,bbe329,2,481,,574,2024,100067,2020-10-03 00:04:10.490436,38529,36986,37079
307,bbe329,2,744,,918,2024,100067,2020-10-03 00:04:10.490436,38529,37249,37423
308,bbe329,2,1114,,1155,2024,100067,2020-10-03 00:04:10.490436,38529,37619,37660
309,bbe329,2,1159,,1308,2024,100067,2020-10-03 00:04:10.490436,38529,37664,37813
310,bbe329,2,1499,,1738,2024,100067,2020-10-03 00:04:10.490436,38529,38004,38243
311,bbe329,2,1778,,1971,2024,100067,2020-10-03 00:04:10.490436,38529,38283,38476
312,c386e6,2,94,,247,2024,100067,2020-10-03 00:05:06.123264,38529,36599,36752
313,c386e6,2,314,,395,2024,100067,2020-10-03 00:05:06.123264,38529,36819,36900
314,c386e6,2,481,,574,2024,100067,2020-10-03 00:05:06.123264,38529,36986,37079
315,c386e6,2,744,,918,2024,100067,2020-10-03 00:05:06.123264,38529,37249,37423
316,c386e6,2,1114,,1308,2024,100067,2020-10-03 00:05:06.123264,38529,37619,37813
317,c386e6,2,1311,,1496,2024,100067,2020-10-03 00:05:06.123264,38529,37816,38001
318,c386e6,2,1499,,1738,2024,100067,2020-10-03 00:05:06.123264,38529,38004,38243
319,c386e6,2,1778,,1971,2024,100067,2020-10-03 00:05:06.123264,38529,38283,38476
