,quiz_task_uuid,contributor_uuid,question_label,answer_label
0,9d4ac736-52b7-40df-b2a9-6164fa081960,00f548b7-6b63-4b47-828e-8e416b6ca0e2,T1.Q1,T1.Q1.A1
11,9d4ac736-52b7-40df-b2a9-6164fa081960,e44f5799-6915-45fd-874e-060f6afedcb9,T1.Q1,T1.Q1.A1
23,9d4ac736-52b7-40df-b2a9-6164fa081960,fed45769-aa61-4b8b-847e-a9c799acce15,T1.Q1,T1.Q1.A1
32,9d4ac736-52b7-40df-b2a9-6164fa081960,fb4ae4cc-234b-484a-b541-a8e3a9254a24,T1.Q1,T1.Q1.A2
43,9d4ac736-52b7-40df-b2a9-6164fa081960,3bb03f58-5f09-4414-b54e-43a814b9b09a,T1.Q1,T1.Q1.A1
53,9d4ac736-52b7-40df-b2a9-6164fa081960,a3b0a59e-04b0-41ab-b05e-247ad2f20331,T1.Q1,T1.Q1.A2
63,9d4ac736-52b7-40df-b2a9-6164fa081960,b633a457-b6d9-48c0-8b69-87cc725f470b,T1.Q1,T1.Q1.A1
73,9d4ac736-52b7-40df-b2a9-6164fa081960,b72c51cb-0492-4e72-b6d7-43861be35f0c,T1.Q1,T1.Q1.A2
83,9d4ac736-52b7-40df-b2a9-6164fa081960,38b9cf3a-588d-4137-a975-af770121a925,T1.Q1,T1.Q1.A1
84,9d4ac736-52b7-40df-b2a9-6164fa081960,38b9cf3a-588d-4137-a975-af770121a925,T1.Q1,T1.Q1.A2
93,9d4ac736-52b7-40df-b2a9-6164fa081960,06e1eba7-c695-4495-85a7-2fb33ef9412c,T1.Q1,T1.Q1.A1
102,9d4ac736-52b7-40df-b2a9-6164fa081960,d3e893ab-423f-4226-ba99-0638cd603b47,T1.Q1,T1.Q1.A2
111,9d4ac736-52b7-40df-b2a9-6164fa081960,97e53b7d-fba4-491d-97fc-65693f35ddcc,T1.Q1,T1.Q1.A1
121,9d4ac736-52b7-40df-b2a9-6164fa081960,28740234-10c8-4421-b56a-c7150e000d48,T1.Q1,T1.Q1.A2
130,9d4ac736-52b7-40df-b2a9-6164fa081960,8cddd693-f0df-441c-9c1c-927902e76099,T1.Q1,T1.Q1.A2
140,9d4ac736-52b7-40df-b2a9-6164fa081960,566f0fa0-7d81-4f43-9c3f-dca97642bd5f,T1.Q1,T1.Q1.A2
149,9d4ac736-52b7-40df-b2a9-6164fa081960,3c387871-0619-43f5-8aaf-4c1a9849c740,T1.Q1,T1.Q1.A2
159,9d4ac736-52b7-40df-b2a9-6164fa081960,4a72a97f-24c4-4ef7-897f-9c78d1c6da96,T1.Q1,T1.Q1.A1
168,9d4ac736-52b7-40df-b2a9-6164fa081960,dd916dd6-c208-481f-9c28-c59b32347a46,T1.Q1,T1.Q1.A1
178,9d4ac736-52b7-40df-b2a9-6164fa081960,c1d62210-4d59-4302-9d39-994919558bb1,T1.Q1,T1.Q1.A1
179,9d4ac736-52b7-40df-b2a9-6164fa081960,c1d62210-4d59-4302-9d39-994919558bb1,T1.Q1,T1.Q1.A2
191,9d4ac736-52b7-40df-b2a9-6164fa081960,ff659873-bfba-4da6-94e2-7b91ac8a2c5e,T1.Q1,T1.Q1.A1
201,9d4ac736-52b7-40df-b2a9-6164fa081960,0e81b339-ba89-48a6-b6eb-3160c5ac61db,T1.Q1,T1.Q1.A1
212,9d4ac736-52b7-40df-b2a9-6164fa081960,a1c98085-1fb3-4d6e-9ba6-46206afcb4a4,T1.Q1,T1.Q1.A2
221,9d4ac736-52b7-40df-b2a9-6164fa081960,40a947aa-f2fc-43d8-baee-57a88ab21543,T1.Q1,T1.Q1.A2
230,9d4ac736-52b7-40df-b2a9-6164fa081960,be6f7700-52dd-477d-ae8c-6dbd9c8eeeec,T1.Q1,T1.Q1.A2
240,9d4ac736-52b7-40df-b2a9-6164fa081960,c7387eb6-fbe8-4267-8937-38d7a0c7da48,T1.Q1,T1.Q1.A2
252,9d4ac736-52b7-40df-b2a9-6164fa081960,6a11b727-c5bb-4ae4-87b4-f7f27abda2d5,T1.Q1,T1.Q1.A2
261,9d4ac736-52b7-40df-b2a9-6164fa081960,419f3399-0646-43dd-aef8-ea9a8f901007,T1.Q1,T1.Q1.A2
271,9d4ac736-52b7-40df-b2a9-6164fa081960,619ec434-0748-43e5-bc62-c79039d75e8d,T1.Q1,T1.Q1.A1
280,9d4ac736-52b7-40df-b2a9-6164fa081960,0e4b8a3e-2714-4b5f-ba10-bb576aaa5cc6,T1.Q1,T1.Q1.A2
290,9d4ac736-52b7-40df-b2a9-6164fa081960,23338303-8192-4d70-8e03-508a7120d1c3,T1.Q1,T1.Q1.A1
302,9d4ac736-52b7-40df-b2a9-6164fa081960,cb5b27cd-a67a-429f-8bc3-c61a9c9991be,T1.Q1,T1.Q1.A1
312,9d4ac736-52b7-40df-b2a9-6164fa081960,56674e5c-3449-43e9-b879-1ddddd3c1ad1,T1.Q1,T1.Q1.A1
326,9d4ac736-52b7-40df-b2a9-6164fa081960,4d470d63-e5b8-495f-b3e0-9b0cf4b33396,T1.Q1,T1.Q1.A1
335,9d4ac736-52b7-40df-b2a9-6164fa081960,1e9db760-2dd6-4eab-94c0-a9a814dbfabe,T1.Q1,T1.Q1.A2
346,9d4ac736-52b7-40df-b2a9-6164fa081960,1c87d568-1c50-40c5-9d67-aa5b3814d493,T1.Q1,T1.Q1.A2
356,9d4ac736-52b7-40df-b2a9-6164fa081960,f53a449f-d02a-4af1-aef8-afbcfb21c54a,T1.Q1,T1.Q1.A1
366,9d4ac736-52b7-40df-b2a9-6164fa081960,8ed68ca9-aaaf-44c9-89b2-aa8e4d053a6a,T1.Q1,T1.Q1.A2
376,9d4ac736-52b7-40df-b2a9-6164fa081960,ec334c18-205b-4208-8c51-f6eb643ed6d1,T1.Q1,T1.Q1.A1
392,9d4ac736-52b7-40df-b2a9-6164fa081960,0f369711-c76f-497a-bffe-4d10a3ab3619,T1.Q1,T1.Q1.A1
403,9d4ac736-52b7-40df-b2a9-6164fa081960,f65da27f-4054-4358-a1bc-14e9ee2edf0f,T1.Q1,T1.Q1.A1
413,9d4ac736-52b7-40df-b2a9-6164fa081960,8bb2253e-a5e0-423c-afd5-7a41ab48db58,T1.Q1,T1.Q1.A1
427,9d4ac736-52b7-40df-b2a9-6164fa081960,ba204390-7580-40ae-bfd1-5fdd7c0a30a6,T1.Q1,T1.Q1.A2
437,9d4ac736-52b7-40df-b2a9-6164fa081960,632e730c-cd27-499f-bf82-36eade7384f3,T1.Q1,T1.Q1.A2
451,9d4ac736-52b7-40df-b2a9-6164fa081960,28589dc0-b840-4798-97d9-2fc3228b248b,T1.Q1,T1.Q1.A2
460,9d4ac736-52b7-40df-b2a9-6164fa081960,59da98ee-cb4c-4e52-ba5b-21fd9ce26516,T1.Q1,T1.Q1.A1
470,9d4ac736-52b7-40df-b2a9-6164fa081960,6112b5e4-8d4d-4b32-b859-6ebc0cea5c2c,T1.Q1,T1.Q1.A1
479,9d4ac736-52b7-40df-b2a9-6164fa081960,91c0eb90-31b9-4f05-845b-e6324eab349c,T1.Q1,T1.Q1.A2
492,9d4ac736-52b7-40df-b2a9-6164fa081960,add48b21-ec81-4bc0-a717-0f87af85d450,T1.Q1,T1.Q1.A1
493,9d4ac736-52b7-40df-b2a9-6164fa081960,add48b21-ec81-4bc0-a717-0f87af85d450,T1.Q1,T1.Q1.A2
502,9d4ac736-52b7-40df-b2a9-6164fa081960,add48b21-ec81-4bc0-a717-0f87af85d450,T1.Q1,T1.Q1.A1
503,9d4ac736-52b7-40df-b2a9-6164fa081960,add48b21-ec81-4bc0-a717-0f87af85d450,T1.Q1,T1.Q1.A2
512,9d4ac736-52b7-40df-b2a9-6164fa081960,62de320a-bf87-4adc-aded-6ede4c25d83c,T1.Q1,T1.Q1.A1
521,9d4ac736-52b7-40df-b2a9-6164fa081960,b43af154-ecbd-4552-b277-771853d85d52,T1.Q1,T1.Q1.A1
532,9d4ac736-52b7-40df-b2a9-6164fa081960,ba0b4c78-8a5e-4920-ab27-f338b4b4bbcd,T1.Q1,T1.Q1.A1
542,9d4ac736-52b7-40df-b2a9-6164fa081960,af937372-05a4-4143-97fa-7250c7597180,T1.Q1,T1.Q1.A2
553,9d4ac736-52b7-40df-b2a9-6164fa081960,51e6b138-d0c0-464c-a3ff-13ea1b341a4d,T1.Q1,T1.Q1.A2
563,9d4ac736-52b7-40df-b2a9-6164fa081960,cda69799-55eb-451d-8978-679faad002d5,T1.Q1,T1.Q1.A1
572,9d4ac736-52b7-40df-b2a9-6164fa081960,55813035-cb82-45a5-b724-baf815b1b6ba,T1.Q1,T1.Q1.A1
581,9d4ac736-52b7-40df-b2a9-6164fa081960,22707b43-0d8c-42bc-89c9-993ec7b97618,T1.Q1,T1.Q1.A1
590,9d4ac736-52b7-40df-b2a9-6164fa081960,369ed622-cdcf-4b44-9672-01a8ba613e71,T1.Q1,T1.Q1.A2
599,9d4ac736-52b7-40df-b2a9-6164fa081960,a43b7c84-e545-4e4a-a2ee-66ec48d5cc41,T1.Q1,T1.Q1.A1
607,9d4ac736-52b7-40df-b2a9-6164fa081960,3793a833-1067-4aef-808b-6eac5f73707b,T1.Q1,T1.Q1.A2
616,9d4ac736-52b7-40df-b2a9-6164fa081960,fb5928da-dc0e-4bf1-a8c7-08b21653903a,T1.Q1,T1.Q1.A1
617,9d4ac736-52b7-40df-b2a9-6164fa081960,fb5928da-dc0e-4bf1-a8c7-08b21653903a,T1.Q1,T1.Q1.A2
628,9d4ac736-52b7-40df-b2a9-6164fa081960,b07f6078-eea1-4747-b09b-79fc3bd7f728,T1.Q1,T1.Q1.A2
637,9d4ac736-52b7-40df-b2a9-6164fa081960,1c7404d9-8b55-4e2a-b630-cfee44f256a9,T1.Q1,T1.Q1.A1
648,9d4ac736-52b7-40df-b2a9-6164fa081960,7e5791d4-5e78-4295-86e1-69c79f513372,T1.Q1,T1.Q1.A1
649,9d4ac736-52b7-40df-b2a9-6164fa081960,7e5791d4-5e78-4295-86e1-69c79f513372,T1.Q1,T1.Q1.A2
661,9d4ac736-52b7-40df-b2a9-6164fa081960,c8b1aae2-501f-4f1c-8a06-d9a93cbc9698,T1.Q1,T1.Q1.A1
670,9d4ac736-52b7-40df-b2a9-6164fa081960,8c4aaa28-794a-4042-9012-a38ba7f20424,T1.Q1,T1.Q1.A1
679,b27a22c1-bea6-4620-abfa-428d27316d2a,00f548b7-6b63-4b47-828e-8e416b6ca0e2,T1.Q1,T1.Q1.A1
689,b27a22c1-bea6-4620-abfa-428d27316d2a,e44f5799-6915-45fd-874e-060f6afedcb9,T1.Q1,T1.Q1.A2
699,b27a22c1-bea6-4620-abfa-428d27316d2a,fed45769-aa61-4b8b-847e-a9c799acce15,T1.Q1,T1.Q1.A2
709,b27a22c1-bea6-4620-abfa-428d27316d2a,fb4ae4cc-234b-484a-b541-a8e3a9254a24,T1.Q1,T1.Q1.A2
718,b27a22c1-bea6-4620-abfa-428d27316d2a,b633a457-b6d9-48c0-8b69-87cc725f470b,T1.Q1,T1.Q1.A2
728,b27a22c1-bea6-4620-abfa-428d27316d2a,3bb03f58-5f09-4414-b54e-43a814b9b09a,T1.Q1,T1.Q1.A1
737,b27a22c1-bea6-4620-abfa-428d27316d2a,a3b0a59e-04b0-41ab-b05e-247ad2f20331,T1.Q1,T1.Q1.A2
747,b27a22c1-bea6-4620-abfa-428d27316d2a,38b9cf3a-588d-4137-a975-af770121a925,T1.Q1,T1.Q1.A2
757,b27a22c1-bea6-4620-abfa-428d27316d2a,97e53b7d-fba4-491d-97fc-65693f35ddcc,T1.Q1,T1.Q1.A2
767,b27a22c1-bea6-4620-abfa-428d27316d2a,28740234-10c8-4421-b56a-c7150e000d48,T1.Q1,T1.Q1.A1
777,b27a22c1-bea6-4620-abfa-428d27316d2a,8cddd693-f0df-441c-9c1c-927902e76099,T1.Q1,T1.Q1.A2
787,b27a22c1-bea6-4620-abfa-428d27316d2a,566f0fa0-7d81-4f43-9c3f-dca97642bd5f,T1.Q1,T1.Q1.A2
797,b27a22c1-bea6-4620-abfa-428d27316d2a,3c387871-0619-43f5-8aaf-4c1a9849c740,T1.Q1,T1.Q1.A2
807,b27a22c1-bea6-4620-abfa-428d27316d2a,dd916dd6-c208-481f-9c28-c59b32347a46,T1.Q1,T1.Q1.A2
817,b27a22c1-bea6-4620-abfa-428d27316d2a,c1d62210-4d59-4302-9d39-994919558bb1,T1.Q1,T1.Q1.A2
827,b27a22c1-bea6-4620-abfa-428d27316d2a,ff659873-bfba-4da6-94e2-7b91ac8a2c5e,T1.Q1,T1.Q1.A2
840,b27a22c1-bea6-4620-abfa-428d27316d2a,0e81b339-ba89-48a6-b6eb-3160c5ac61db,T1.Q1,T1.Q1.A2
850,b27a22c1-bea6-4620-abfa-428d27316d2a,40a947aa-f2fc-43d8-baee-57a88ab21543,T1.Q1,T1.Q1.A2
859,b27a22c1-bea6-4620-abfa-428d27316d2a,be6f7700-52dd-477d-ae8c-6dbd9c8eeeec,T1.Q1,T1.Q1.A2
868,b27a22c1-bea6-4620-abfa-428d27316d2a,c7387eb6-fbe8-4267-8937-38d7a0c7da48,T1.Q1,T1.Q1.A1
881,b27a22c1-bea6-4620-abfa-428d27316d2a,6a11b727-c5bb-4ae4-87b4-f7f27abda2d5,T1.Q1,T1.Q1.A2
890,b27a22c1-bea6-4620-abfa-428d27316d2a,419f3399-0646-43dd-aef8-ea9a8f901007,T1.Q1,T1.Q1.A2
901,b27a22c1-bea6-4620-abfa-428d27316d2a,23338303-8192-4d70-8e03-508a7120d1c3,T1.Q1,T1.Q1.A2
910,b27a22c1-bea6-4620-abfa-428d27316d2a,a31c365c-986b-4dbe-b752-bbb5986cc7f2,T1.Q1,T1.Q1.A1
920,b27a22c1-bea6-4620-abfa-428d27316d2a,0f369711-c76f-497a-bffe-4d10a3ab3619,T1.Q1,T1.Q1.A2
930,b27a22c1-bea6-4620-abfa-428d27316d2a,cb5b27cd-a67a-429f-8bc3-c61a9c9991be,T1.Q1,T1.Q1.A2
939,b27a22c1-bea6-4620-abfa-428d27316d2a,54221500-8c50-493f-bc91-037d13f705f1,T1.Q1,T1.Q1.A1
949,b27a22c1-bea6-4620-abfa-428d27316d2a,f71afc6b-0691-4bb2-81bf-e1a829ccff43,T1.Q1,T1.Q1.A2
959,b27a22c1-bea6-4620-abfa-428d27316d2a,af937372-05a4-4143-97fa-7250c7597180,T1.Q1,T1.Q1.A2
972,b27a22c1-bea6-4620-abfa-428d27316d2a,0cdf31d0-1966-4f69-a0c8-c483788b5256,T1.Q1,T1.Q1.A2
983,b27a22c1-bea6-4620-abfa-428d27316d2a,56674e5c-3449-43e9-b879-1ddddd3c1ad1,T1.Q1,T1.Q1.A2
997,b27a22c1-bea6-4620-abfa-428d27316d2a,4d470d63-e5b8-495f-b3e0-9b0cf4b33396,T1.Q1,T1.Q1.A2
1006,b27a22c1-bea6-4620-abfa-428d27316d2a,1e9db760-2dd6-4eab-94c0-a9a814dbfabe,T1.Q1,T1.Q1.A2
1016,b27a22c1-bea6-4620-abfa-428d27316d2a,f53a449f-d02a-4af1-aef8-afbcfb21c54a,T1.Q1,T1.Q1.A2
1025,b27a22c1-bea6-4620-abfa-428d27316d2a,8ed68ca9-aaaf-44c9-89b2-aa8e4d053a6a,T1.Q1,T1.Q1.A2
1035,b27a22c1-bea6-4620-abfa-428d27316d2a,ec334c18-205b-4208-8c51-f6eb643ed6d1,T1.Q1,T1.Q1.A1
1045,b27a22c1-bea6-4620-abfa-428d27316d2a,f65da27f-4054-4358-a1bc-14e9ee2edf0f,T1.Q1,T1.Q1.A2
1055,b27a22c1-bea6-4620-abfa-428d27316d2a,8bb2253e-a5e0-423c-afd5-7a41ab48db58,T1.Q1,T1.Q1.A1
1064,b27a22c1-bea6-4620-abfa-428d27316d2a,ba204390-7580-40ae-bfd1-5fdd7c0a30a6,T1.Q1,T1.Q1.A2
1074,b27a22c1-bea6-4620-abfa-428d27316d2a,632e730c-cd27-499f-bf82-36eade7384f3,T1.Q1,T1.Q1.A2
1087,b27a22c1-bea6-4620-abfa-428d27316d2a,28589dc0-b840-4798-97d9-2fc3228b248b,T1.Q1,T1.Q1.A2
1097,b27a22c1-bea6-4620-abfa-428d27316d2a,59da98ee-cb4c-4e52-ba5b-21fd9ce26516,T1.Q1,T1.Q1.A1
1107,b27a22c1-bea6-4620-abfa-428d27316d2a,6112b5e4-8d4d-4b32-b859-6ebc0cea5c2c,T1.Q1,T1.Q1.A2
1117,b27a22c1-bea6-4620-abfa-428d27316d2a,add48b21-ec81-4bc0-a717-0f87af85d450,T1.Q1,T1.Q1.A2
1127,b27a22c1-bea6-4620-abfa-428d27316d2a,b43af154-ecbd-4552-b277-771853d85d52,T1.Q1,T1.Q1.A2
1135,b27a22c1-bea6-4620-abfa-428d27316d2a,cda69799-55eb-451d-8978-679faad002d5,T1.Q1,T1.Q1.A2
1145,b27a22c1-bea6-4620-abfa-428d27316d2a,55813035-cb82-45a5-b724-baf815b1b6ba,T1.Q1,T1.Q1.A2
1155,b27a22c1-bea6-4620-abfa-428d27316d2a,22707b43-0d8c-42bc-89c9-993ec7b97618,T1.Q1,T1.Q1.A2
1163,b27a22c1-bea6-4620-abfa-428d27316d2a,369ed622-cdcf-4b44-9672-01a8ba613e71,T1.Q1,T1.Q1.A2
1173,b27a22c1-bea6-4620-abfa-428d27316d2a,a43b7c84-e545-4e4a-a2ee-66ec48d5cc41,T1.Q1,T1.Q1.A2
1182,b27a22c1-bea6-4620-abfa-428d27316d2a,fb5928da-dc0e-4bf1-a8c7-08b21653903a,T1.Q1,T1.Q1.A2
1191,b27a22c1-bea6-4620-abfa-428d27316d2a,b07f6078-eea1-4747-b09b-79fc3bd7f728,T1.Q1,T1.Q1.A2
1200,b27a22c1-bea6-4620-abfa-428d27316d2a,7e5791d4-5e78-4295-86e1-69c79f513372,T1.Q1,T1.Q1.A1
1209,00ef0777-da36-47b0-94d4-135eb520bcfb,00f548b7-6b63-4b47-828e-8e416b6ca0e2,T1.Q1,T1.Q1.A2
1219,00ef0777-da36-47b0-94d4-135eb520bcfb,e44f5799-6915-45fd-874e-060f6afedcb9,T1.Q1,T1.Q1.A2
1230,00ef0777-da36-47b0-94d4-135eb520bcfb,0b2ee377-65f2-4ac1-98da-5bc093fee7aa,T1.Q1,T1.Q1.A2
1240,00ef0777-da36-47b0-94d4-135eb520bcfb,fb4ae4cc-234b-484a-b541-a8e3a9254a24,T1.Q1,T1.Q1.A2
1250,00ef0777-da36-47b0-94d4-135eb520bcfb,b633a457-b6d9-48c0-8b69-87cc725f470b,T1.Q1,T1.Q1.A2
1260,00ef0777-da36-47b0-94d4-135eb520bcfb,3bb03f58-5f09-4414-b54e-43a814b9b09a,T1.Q1,T1.Q1.A1
1269,00ef0777-da36-47b0-94d4-135eb520bcfb,a3b0a59e-04b0-41ab-b05e-247ad2f20331,T1.Q1,T1.Q1.A2
1279,00ef0777-da36-47b0-94d4-135eb520bcfb,28740234-10c8-4421-b56a-c7150e000d48,T1.Q1,T1.Q1.A1
1289,00ef0777-da36-47b0-94d4-135eb520bcfb,8cddd693-f0df-441c-9c1c-927902e76099,T1.Q1,T1.Q1.A2
1299,00ef0777-da36-47b0-94d4-135eb520bcfb,566f0fa0-7d81-4f43-9c3f-dca97642bd5f,T1.Q1,T1.Q1.A2
1309,00ef0777-da36-47b0-94d4-135eb520bcfb,dd916dd6-c208-481f-9c28-c59b32347a46,T1.Q1,T1.Q1.A2
1319,00ef0777-da36-47b0-94d4-135eb520bcfb,c1d62210-4d59-4302-9d39-994919558bb1,T1.Q1,T1.Q1.A2
1329,00ef0777-da36-47b0-94d4-135eb520bcfb,ff659873-bfba-4da6-94e2-7b91ac8a2c5e,T1.Q1,T1.Q1.A1
1339,00ef0777-da36-47b0-94d4-135eb520bcfb,0e81b339-ba89-48a6-b6eb-3160c5ac61db,T1.Q1,T1.Q1.A1
1349,00ef0777-da36-47b0-94d4-135eb520bcfb,40a947aa-f2fc-43d8-baee-57a88ab21543,T1.Q1,T1.Q1.A1
1359,00ef0777-da36-47b0-94d4-135eb520bcfb,be6f7700-52dd-477d-ae8c-6dbd9c8eeeec,T1.Q1,T1.Q1.A2
1368,00ef0777-da36-47b0-94d4-135eb520bcfb,419f3399-0646-43dd-aef8-ea9a8f901007,T1.Q1,T1.Q1.A2
1378,00ef0777-da36-47b0-94d4-135eb520bcfb,a31c365c-986b-4dbe-b752-bbb5986cc7f2,T1.Q1,T1.Q1.A1
1389,00ef0777-da36-47b0-94d4-135eb520bcfb,0f369711-c76f-497a-bffe-4d10a3ab3619,T1.Q1,T1.Q1.A2
1408,00ef0777-da36-47b0-94d4-135eb520bcfb,54221500-8c50-493f-bc91-037d13f705f1,T1.Q1,T1.Q1.A2
1418,00ef0777-da36-47b0-94d4-135eb520bcfb,f71afc6b-0691-4bb2-81bf-e1a829ccff43,T1.Q1,T1.Q1.A2
1428,00ef0777-da36-47b0-94d4-135eb520bcfb,af937372-05a4-4143-97fa-7250c7597180,T1.Q1,T1.Q1.A2
1437,00ef0777-da36-47b0-94d4-135eb520bcfb,0cdf31d0-1966-4f69-a0c8-c483788b5256,T1.Q1,T1.Q1.A2
1448,00ef0777-da36-47b0-94d4-135eb520bcfb,ce8a8db8-0d7f-4a11-8329-5a7fc065394d,T1.Q1,T1.Q1.A1
1458,00ef0777-da36-47b0-94d4-135eb520bcfb,56674e5c-3449-43e9-b879-1ddddd3c1ad1,T1.Q1,T1.Q1.A1
1472,00ef0777-da36-47b0-94d4-135eb520bcfb,4d470d63-e5b8-495f-b3e0-9b0cf4b33396,T1.Q1,T1.Q1.A2
1482,00ef0777-da36-47b0-94d4-135eb520bcfb,1e9db760-2dd6-4eab-94c0-a9a814dbfabe,T1.Q1,T1.Q1.A2
1492,00ef0777-da36-47b0-94d4-135eb520bcfb,f65da27f-4054-4358-a1bc-14e9ee2edf0f,T1.Q1,T1.Q1.A2
1502,00ef0777-da36-47b0-94d4-135eb520bcfb,8bb2253e-a5e0-423c-afd5-7a41ab48db58,T1.Q1,T1.Q1.A1
1512,00ef0777-da36-47b0-94d4-135eb520bcfb,ba204390-7580-40ae-bfd1-5fdd7c0a30a6,T1.Q1,T1.Q1.A2
1522,00ef0777-da36-47b0-94d4-135eb520bcfb,632e730c-cd27-499f-bf82-36eade7384f3,T1.Q1,T1.Q1.A1
1532,00ef0777-da36-47b0-94d4-135eb520bcfb,28589dc0-b840-4798-97d9-2fc3228b248b,T1.Q1,T1.Q1.A2
1542,00ef0777-da36-47b0-94d4-135eb520bcfb,ec334c18-205b-4208-8c51-f6eb643ed6d1,T1.Q1,T1.Q1.A1
1553,00ef0777-da36-47b0-94d4-135eb520bcfb,59da98ee-cb4c-4e52-ba5b-21fd9ce26516,T1.Q1,T1.Q1.A1
1563,00ef0777-da36-47b0-94d4-135eb520bcfb,6112b5e4-8d4d-4b32-b859-6ebc0cea5c2c,T1.Q1,T1.Q1.A2
1573,00ef0777-da36-47b0-94d4-135eb520bcfb,add48b21-ec81-4bc0-a717-0f87af85d450,T1.Q1,T1.Q1.A2
1583,00ef0777-da36-47b0-94d4-135eb520bcfb,b43af154-ecbd-4552-b277-771853d85d52,T1.Q1,T1.Q1.A2
1592,00ef0777-da36-47b0-94d4-135eb520bcfb,cda69799-55eb-451d-8978-679faad002d5,T1.Q1,T1.Q1.A2
1602,00ef0777-da36-47b0-94d4-135eb520bcfb,22707b43-0d8c-42bc-89c9-993ec7b97618,T1.Q1,T1.Q1.A2
1610,00ef0777-da36-47b0-94d4-135eb520bcfb,369ed622-cdcf-4b44-9672-01a8ba613e71,T1.Q1,T1.Q1.A2
1621,00ef0777-da36-47b0-94d4-135eb520bcfb,fb5928da-dc0e-4bf1-a8c7-08b21653903a,T1.Q1,T1.Q1.A2
1631,00ef0777-da36-47b0-94d4-135eb520bcfb,b07f6078-eea1-4747-b09b-79fc3bd7f728,T1.Q1,T1.Q1.A2
1640,4479a237-11ec-4a69-bab1-090b44fb62a9,00f548b7-6b63-4b47-828e-8e416b6ca0e2,T1.Q1,T1.Q1.A2
1651,4479a237-11ec-4a69-bab1-090b44fb62a9,e44f5799-6915-45fd-874e-060f6afedcb9,T1.Q1,T1.Q1.A2
1661,4479a237-11ec-4a69-bab1-090b44fb62a9,0b2ee377-65f2-4ac1-98da-5bc093fee7aa,T1.Q1,T1.Q1.A2
1672,4479a237-11ec-4a69-bab1-090b44fb62a9,fb4ae4cc-234b-484a-b541-a8e3a9254a24,T1.Q1,T1.Q1.A1
1683,4479a237-11ec-4a69-bab1-090b44fb62a9,b633a457-b6d9-48c0-8b69-87cc725f470b,T1.Q1,T1.Q1.A2
1694,4479a237-11ec-4a69-bab1-090b44fb62a9,3bb03f58-5f09-4414-b54e-43a814b9b09a,T1.Q1,T1.Q1.A1
1704,4479a237-11ec-4a69-bab1-090b44fb62a9,a3b0a59e-04b0-41ab-b05e-247ad2f20331,T1.Q1,T1.Q1.A2
1715,4479a237-11ec-4a69-bab1-090b44fb62a9,8cddd693-f0df-441c-9c1c-927902e76099,T1.Q1,T1.Q1.A2
1726,4479a237-11ec-4a69-bab1-090b44fb62a9,e0834165-64cc-41e5-994f-9be97a16ef93,T1.Q1,T1.Q1.A1
1738,4479a237-11ec-4a69-bab1-090b44fb62a9,566f0fa0-7d81-4f43-9c3f-dca97642bd5f,T1.Q1,T1.Q1.A1
1749,4479a237-11ec-4a69-bab1-090b44fb62a9,dd916dd6-c208-481f-9c28-c59b32347a46,T1.Q1,T1.Q1.A1
1760,4479a237-11ec-4a69-bab1-090b44fb62a9,c1d62210-4d59-4302-9d39-994919558bb1,T1.Q1,T1.Q1.A2
1770,4479a237-11ec-4a69-bab1-090b44fb62a9,0e81b339-ba89-48a6-b6eb-3160c5ac61db,T1.Q1,T1.Q1.A2
1780,4479a237-11ec-4a69-bab1-090b44fb62a9,40a947aa-f2fc-43d8-baee-57a88ab21543,T1.Q1,T1.Q1.A2
1789,4479a237-11ec-4a69-bab1-090b44fb62a9,be6f7700-52dd-477d-ae8c-6dbd9c8eeeec,T1.Q1,T1.Q1.A2
1800,4479a237-11ec-4a69-bab1-090b44fb62a9,419f3399-0646-43dd-aef8-ea9a8f901007,T1.Q1,T1.Q1.A1
1809,4479a237-11ec-4a69-bab1-090b44fb62a9,a31c365c-986b-4dbe-b752-bbb5986cc7f2,T1.Q1,T1.Q1.A1
1819,4479a237-11ec-4a69-bab1-090b44fb62a9,0f369711-c76f-497a-bffe-4d10a3ab3619,T1.Q1,T1.Q1.A1
1830,4479a237-11ec-4a69-bab1-090b44fb62a9,f71afc6b-0691-4bb2-81bf-e1a829ccff43,T1.Q1,T1.Q1.A1
1841,4479a237-11ec-4a69-bab1-090b44fb62a9,af937372-05a4-4143-97fa-7250c7597180,T1.Q1,T1.Q1.A2
1854,4479a237-11ec-4a69-bab1-090b44fb62a9,0cdf31d0-1966-4f69-a0c8-c483788b5256,T1.Q1,T1.Q1.A2
1867,4479a237-11ec-4a69-bab1-090b44fb62a9,ce8a8db8-0d7f-4a11-8329-5a7fc065394d,T1.Q1,T1.Q1.A2
1877,4479a237-11ec-4a69-bab1-090b44fb62a9,cb5b27cd-a67a-429f-8bc3-c61a9c9991be,T1.Q1,T1.Q1.A2
1888,4479a237-11ec-4a69-bab1-090b44fb62a9,4d470d63-e5b8-495f-b3e0-9b0cf4b33396,T1.Q1,T1.Q1.A2
1899,4479a237-11ec-4a69-bab1-090b44fb62a9,1e9db760-2dd6-4eab-94c0-a9a814dbfabe,T1.Q1,T1.Q1.A2
1910,4479a237-11ec-4a69-bab1-090b44fb62a9,f65da27f-4054-4358-a1bc-14e9ee2edf0f,T1.Q1,T1.Q1.A1
1922,4479a237-11ec-4a69-bab1-090b44fb62a9,8bb2253e-a5e0-423c-afd5-7a41ab48db58,T1.Q1,T1.Q1.A1
1933,4479a237-11ec-4a69-bab1-090b44fb62a9,ba204390-7580-40ae-bfd1-5fdd7c0a30a6,T1.Q1,T1.Q1.A2
1945,4479a237-11ec-4a69-bab1-090b44fb62a9,632e730c-cd27-499f-bf82-36eade7384f3,T1.Q1,T1.Q1.A2
1958,4479a237-11ec-4a69-bab1-090b44fb62a9,28589dc0-b840-4798-97d9-2fc3228b248b,T1.Q1,T1.Q1.A1
1969,4479a237-11ec-4a69-bab1-090b44fb62a9,ec334c18-205b-4208-8c51-f6eb643ed6d1,T1.Q1,T1.Q1.A1
1980,4479a237-11ec-4a69-bab1-090b44fb62a9,59da98ee-cb4c-4e52-ba5b-21fd9ce26516,T1.Q1,T1.Q1.A1
1991,4479a237-11ec-4a69-bab1-090b44fb62a9,add48b21-ec81-4bc0-a717-0f87af85d450,T1.Q1,T1.Q1.A2
2001,4479a237-11ec-4a69-bab1-090b44fb62a9,b43af154-ecbd-4552-b277-771853d85d52,T1.Q1,T1.Q1.A1
2012,4479a237-11ec-4a69-bab1-090b44fb62a9,cda69799-55eb-451d-8978-679faad002d5,T1.Q1,T1.Q1.A2
2022,4479a237-11ec-4a69-bab1-090b44fb62a9,22707b43-0d8c-42bc-89c9-993ec7b97618,T1.Q1,T1.Q1.A2
2031,4479a237-11ec-4a69-bab1-090b44fb62a9,369ed622-cdcf-4b44-9672-01a8ba613e71,T1.Q1,T1.Q1.A2
2042,4479a237-11ec-4a69-bab1-090b44fb62a9,fb5928da-dc0e-4bf1-a8c7-08b21653903a,T1.Q1,T1.Q1.A2
2053,4479a237-11ec-4a69-bab1-090b44fb62a9,b07f6078-eea1-4747-b09b-79fc3bd7f728,T1.Q1,T1.Q1.A2
2063,87c60a91-a55a-4a83-84f0-da127ad152c8,00f548b7-6b63-4b47-828e-8e416b6ca0e2,T1.Q1,T1.Q1.A1
2074,87c60a91-a55a-4a83-84f0-da127ad152c8,e44f5799-6915-45fd-874e-060f6afedcb9,T1.Q1,T1.Q1.A1
2083,87c60a91-a55a-4a83-84f0-da127ad152c8,0b2ee377-65f2-4ac1-98da-5bc093fee7aa,T1.Q1,T1.Q1.A1
2094,87c60a91-a55a-4a83-84f0-da127ad152c8,b633a457-b6d9-48c0-8b69-87cc725f470b,T1.Q1,T1.Q1.A1
2105,87c60a91-a55a-4a83-84f0-da127ad152c8,3bb03f58-5f09-4414-b54e-43a814b9b09a,T1.Q1,T1.Q1.A1
2114,87c60a91-a55a-4a83-84f0-da127ad152c8,8cddd693-f0df-441c-9c1c-927902e76099,T1.Q1,T1.Q1.A2
2124,87c60a91-a55a-4a83-84f0-da127ad152c8,566f0fa0-7d81-4f43-9c3f-dca97642bd5f,T1.Q1,T1.Q1.A1
2135,87c60a91-a55a-4a83-84f0-da127ad152c8,dd916dd6-c208-481f-9c28-c59b32347a46,T1.Q1,T1.Q1.A1
2146,87c60a91-a55a-4a83-84f0-da127ad152c8,c1d62210-4d59-4302-9d39-994919558bb1,T1.Q1,T1.Q1.A2
2155,87c60a91-a55a-4a83-84f0-da127ad152c8,0e81b339-ba89-48a6-b6eb-3160c5ac61db,T1.Q1,T1.Q1.A2
2164,87c60a91-a55a-4a83-84f0-da127ad152c8,40a947aa-f2fc-43d8-baee-57a88ab21543,T1.Q1,T1.Q1.A2
2173,87c60a91-a55a-4a83-84f0-da127ad152c8,419f3399-0646-43dd-aef8-ea9a8f901007,T1.Q1,T1.Q1.A1
2184,87c60a91-a55a-4a83-84f0-da127ad152c8,f71afc6b-0691-4bb2-81bf-e1a829ccff43,T1.Q1,T1.Q1.A2
2193,87c60a91-a55a-4a83-84f0-da127ad152c8,af937372-05a4-4143-97fa-7250c7597180,T1.Q1,T1.Q1.A2
2205,87c60a91-a55a-4a83-84f0-da127ad152c8,ce8a8db8-0d7f-4a11-8329-5a7fc065394d,T1.Q1,T1.Q1.A1
2215,87c60a91-a55a-4a83-84f0-da127ad152c8,0f369711-c76f-497a-bffe-4d10a3ab3619,T1.Q1,T1.Q1.A2
2225,87c60a91-a55a-4a83-84f0-da127ad152c8,f65da27f-4054-4358-a1bc-14e9ee2edf0f,T1.Q1,T1.Q1.A1
2235,87c60a91-a55a-4a83-84f0-da127ad152c8,8bb2253e-a5e0-423c-afd5-7a41ab48db58,T1.Q1,T1.Q1.A1
2244,87c60a91-a55a-4a83-84f0-da127ad152c8,ba204390-7580-40ae-bfd1-5fdd7c0a30a6,T1.Q1,T1.Q1.A2
2255,87c60a91-a55a-4a83-84f0-da127ad152c8,632e730c-cd27-499f-bf82-36eade7384f3,T1.Q1,T1.Q1.A2
2264,87c60a91-a55a-4a83-84f0-da127ad152c8,28589dc0-b840-4798-97d9-2fc3228b248b,T1.Q1,T1.Q1.A1
2273,87c60a91-a55a-4a83-84f0-da127ad152c8,59da98ee-cb4c-4e52-ba5b-21fd9ce26516,T1.Q1,T1.Q1.A1
2283,87c60a91-a55a-4a83-84f0-da127ad152c8,ec334c18-205b-4208-8c51-f6eb643ed6d1,T1.Q1,T1.Q1.A1
2295,87c60a91-a55a-4a83-84f0-da127ad152c8,b43af154-ecbd-4552-b277-771853d85d52,T1.Q1,T1.Q1.A1
2306,87c60a91-a55a-4a83-84f0-da127ad152c8,22707b43-0d8c-42bc-89c9-993ec7b97618,T1.Q1,T1.Q1.A2
2314,87c60a91-a55a-4a83-84f0-da127ad152c8,fb5928da-dc0e-4bf1-a8c7-08b21653903a,T1.Q1,T1.Q1.A1
2323,87c60a91-a55a-4a83-84f0-da127ad152c8,cda69799-55eb-451d-8978-679faad002d5,T1.Q1,T1.Q1.A2
2332,8f31e026-d321-46c0-83ee-dbe9816ab11c,00f548b7-6b63-4b47-828e-8e416b6ca0e2,T1.Q1,T1.Q1.A2
2341,8f31e026-d321-46c0-83ee-dbe9816ab11c,e44f5799-6915-45fd-874e-060f6afedcb9,T1.Q1,T1.Q1.A1
2351,8f31e026-d321-46c0-83ee-dbe9816ab11c,0b2ee377-65f2-4ac1-98da-5bc093fee7aa,T1.Q1,T1.Q1.A1
2361,8f31e026-d321-46c0-83ee-dbe9816ab11c,b633a457-b6d9-48c0-8b69-87cc725f470b,T1.Q1,T1.Q1.A2
2370,8f31e026-d321-46c0-83ee-dbe9816ab11c,3bb03f58-5f09-4414-b54e-43a814b9b09a,T1.Q1,T1.Q1.A1
2380,8f31e026-d321-46c0-83ee-dbe9816ab11c,8cddd693-f0df-441c-9c1c-927902e76099,T1.Q1,T1.Q1.A2
2390,8f31e026-d321-46c0-83ee-dbe9816ab11c,566f0fa0-7d81-4f43-9c3f-dca97642bd5f,T1.Q1,T1.Q1.A1
2399,8f31e026-d321-46c0-83ee-dbe9816ab11c,dd916dd6-c208-481f-9c28-c59b32347a46,T1.Q1,T1.Q1.A1
2408,8f31e026-d321-46c0-83ee-dbe9816ab11c,c1d62210-4d59-4302-9d39-994919558bb1,T1.Q1,T1.Q1.A2
2417,8f31e026-d321-46c0-83ee-dbe9816ab11c,419f3399-0646-43dd-aef8-ea9a8f901007,T1.Q1,T1.Q1.A2
2418,8f31e026-d321-46c0-83ee-dbe9816ab11c,419f3399-0646-43dd-aef8-ea9a8f901007,T1.Q1,T1.Q1.A1
2428,8f31e026-d321-46c0-83ee-dbe9816ab11c,af937372-05a4-4143-97fa-7250c7597180,T1.Q1,T1.Q1.A2
2437,8f31e026-d321-46c0-83ee-dbe9816ab11c,ce8a8db8-0d7f-4a11-8329-5a7fc065394d,T1.Q1,T1.Q1.A2
2447,8f31e026-d321-46c0-83ee-dbe9816ab11c,40a947aa-f2fc-43d8-baee-57a88ab21543,T1.Q1,T1.Q1.A1
2457,8f31e026-d321-46c0-83ee-dbe9816ab11c,0f369711-c76f-497a-bffe-4d10a3ab3619,T1.Q1,T1.Q1.A2
2466,8f31e026-d321-46c0-83ee-dbe9816ab11c,f65da27f-4054-4358-a1bc-14e9ee2edf0f,T1.Q1,T1.Q1.A2
2476,8f31e026-d321-46c0-83ee-dbe9816ab11c,8bb2253e-a5e0-423c-afd5-7a41ab48db58,T1.Q1,T1.Q1.A2
2486,8f31e026-d321-46c0-83ee-dbe9816ab11c,ba204390-7580-40ae-bfd1-5fdd7c0a30a6,T1.Q1,T1.Q1.A2
2496,8f31e026-d321-46c0-83ee-dbe9816ab11c,632e730c-cd27-499f-bf82-36eade7384f3,T1.Q1,T1.Q1.A1
2505,8f31e026-d321-46c0-83ee-dbe9816ab11c,59da98ee-cb4c-4e52-ba5b-21fd9ce26516,T1.Q1,T1.Q1.A2
2514,8f31e026-d321-46c0-83ee-dbe9816ab11c,ec334c18-205b-4208-8c51-f6eb643ed6d1,T1.Q1,T1.Q1.A2
2524,8f31e026-d321-46c0-83ee-dbe9816ab11c,b43af154-ecbd-4552-b277-771853d85d52,T1.Q1,T1.Q1.A1
2533,8f31e026-d321-46c0-83ee-dbe9816ab11c,22707b43-0d8c-42bc-89c9-993ec7b97618,T1.Q1,T1.Q1.A2
2543,8f31e026-d321-46c0-83ee-dbe9816ab11c,fb5928da-dc0e-4bf1-a8c7-08b21653903a,T1.Q1,T1.Q1.A2
2553,8f31e026-d321-46c0-83ee-dbe9816ab11c,cda69799-55eb-451d-8978-679faad002d5,T1.Q1,T1.Q1.A2
2562,65fc3c92-5aef-4fef-a3c4-56145a077a33,00f548b7-6b63-4b47-828e-8e416b6ca0e2,T1.Q1,T1.Q1.A1
2572,65fc3c92-5aef-4fef-a3c4-56145a077a33,e44f5799-6915-45fd-874e-060f6afedcb9,T1.Q1,T1.Q1.A1
2583,65fc3c92-5aef-4fef-a3c4-56145a077a33,0b2ee377-65f2-4ac1-98da-5bc093fee7aa,T1.Q1,T1.Q1.A1
2593,65fc3c92-5aef-4fef-a3c4-56145a077a33,b633a457-b6d9-48c0-8b69-87cc725f470b,T1.Q1,T1.Q1.A2
2603,65fc3c92-5aef-4fef-a3c4-56145a077a33,566f0fa0-7d81-4f43-9c3f-dca97642bd5f,T1.Q1,T1.Q1.A2
2614,65fc3c92-5aef-4fef-a3c4-56145a077a33,8cddd693-f0df-441c-9c1c-927902e76099,T1.Q1,T1.Q1.A2
2624,65fc3c92-5aef-4fef-a3c4-56145a077a33,c1d62210-4d59-4302-9d39-994919558bb1,T1.Q1,T1.Q1.A2
2634,65fc3c92-5aef-4fef-a3c4-56145a077a33,419f3399-0646-43dd-aef8-ea9a8f901007,T1.Q1,T1.Q1.A2
2643,65fc3c92-5aef-4fef-a3c4-56145a077a33,af937372-05a4-4143-97fa-7250c7597180,T1.Q1,T1.Q1.A1
2653,65fc3c92-5aef-4fef-a3c4-56145a077a33,ce8a8db8-0d7f-4a11-8329-5a7fc065394d,T1.Q1,T1.Q1.A1
2663,65fc3c92-5aef-4fef-a3c4-56145a077a33,0f369711-c76f-497a-bffe-4d10a3ab3619,T1.Q1,T1.Q1.A2
2673,65fc3c92-5aef-4fef-a3c4-56145a077a33,f65da27f-4054-4358-a1bc-14e9ee2edf0f,T1.Q1,T1.Q1.A1
2684,65fc3c92-5aef-4fef-a3c4-56145a077a33,8bb2253e-a5e0-423c-afd5-7a41ab48db58,T1.Q1,T1.Q1.A2
2694,65fc3c92-5aef-4fef-a3c4-56145a077a33,ba204390-7580-40ae-bfd1-5fdd7c0a30a6,T1.Q1,T1.Q1.A2
2705,65fc3c92-5aef-4fef-a3c4-56145a077a33,632e730c-cd27-499f-bf82-36eade7384f3,T1.Q1,T1.Q1.A2
2717,65fc3c92-5aef-4fef-a3c4-56145a077a33,ec334c18-205b-4208-8c51-f6eb643ed6d1,T1.Q1,T1.Q1.A2
2728,65fc3c92-5aef-4fef-a3c4-56145a077a33,59da98ee-cb4c-4e52-ba5b-21fd9ce26516,T1.Q1,T1.Q1.A1
2738,65fc3c92-5aef-4fef-a3c4-56145a077a33,b43af154-ecbd-4552-b277-771853d85d52,T1.Q1,T1.Q1.A1
2750,65fc3c92-5aef-4fef-a3c4-56145a077a33,22707b43-0d8c-42bc-89c9-993ec7b97618,T1.Q1,T1.Q1.A2
2759,65fc3c92-5aef-4fef-a3c4-56145a077a33,fb5928da-dc0e-4bf1-a8c7-08b21653903a,T1.Q1,T1.Q1.A2
2768,65fc3c92-5aef-4fef-a3c4-56145a077a33,cda69799-55eb-451d-8978-679faad002d5,T1.Q1,T1.Q1.A1
2777,d97d6501-b50f-4f8c-a3c5-59cd05a9b752,00f548b7-6b63-4b47-828e-8e416b6ca0e2,T1.Q1,T1.Q1.A1
2788,d97d6501-b50f-4f8c-a3c5-59cd05a9b752,e44f5799-6915-45fd-874e-060f6afedcb9,T1.Q1,T1.Q1.A1
2797,d97d6501-b50f-4f8c-a3c5-59cd05a9b752,0b2ee377-65f2-4ac1-98da-5bc093fee7aa,T1.Q1,T1.Q1.A1
2807,d97d6501-b50f-4f8c-a3c5-59cd05a9b752,b633a457-b6d9-48c0-8b69-87cc725f470b,T1.Q1,T1.Q1.A1
2817,d97d6501-b50f-4f8c-a3c5-59cd05a9b752,566f0fa0-7d81-4f43-9c3f-dca97642bd5f,T1.Q1,T1.Q1.A2
2827,d97d6501-b50f-4f8c-a3c5-59cd05a9b752,8cddd693-f0df-441c-9c1c-927902e76099,T1.Q1,T1.Q1.A2
2837,d97d6501-b50f-4f8c-a3c5-59cd05a9b752,c1d62210-4d59-4302-9d39-994919558bb1,T1.Q1,T1.Q1.A2
2847,d97d6501-b50f-4f8c-a3c5-59cd05a9b752,419f3399-0646-43dd-aef8-ea9a8f901007,T1.Q1,T1.Q1.A1
2856,d97d6501-b50f-4f8c-a3c5-59cd05a9b752,af937372-05a4-4143-97fa-7250c7597180,T1.Q1,T1.Q1.A2
2866,d97d6501-b50f-4f8c-a3c5-59cd05a9b752,ce8a8db8-0d7f-4a11-8329-5a7fc065394d,T1.Q1,T1.Q1.A1
2876,d97d6501-b50f-4f8c-a3c5-59cd05a9b752,0f369711-c76f-497a-bffe-4d10a3ab3619,T1.Q1,T1.Q1.A1
2886,d97d6501-b50f-4f8c-a3c5-59cd05a9b752,f65da27f-4054-4358-a1bc-14e9ee2edf0f,T1.Q1,T1.Q1.A1
2896,d97d6501-b50f-4f8c-a3c5-59cd05a9b752,8bb2253e-a5e0-423c-afd5-7a41ab48db58,T1.Q1,T1.Q1.A2
2906,d97d6501-b50f-4f8c-a3c5-59cd05a9b752,ba204390-7580-40ae-bfd1-5fdd7c0a30a6,T1.Q1,T1.Q1.A2
2916,d97d6501-b50f-4f8c-a3c5-59cd05a9b752,632e730c-cd27-499f-bf82-36eade7384f3,T1.Q1,T1.Q1.A2
2926,d97d6501-b50f-4f8c-a3c5-59cd05a9b752,59da98ee-cb4c-4e52-ba5b-21fd9ce26516,T1.Q1,T1.Q1.A1
2936,d97d6501-b50f-4f8c-a3c5-59cd05a9b752,ec334c18-205b-4208-8c51-f6eb643ed6d1,T1.Q1,T1.Q1.A1
2947,d97d6501-b50f-4f8c-a3c5-59cd05a9b752,b43af154-ecbd-4552-b277-771853d85d52,T1.Q1,T1.Q1.A2
2956,d97d6501-b50f-4f8c-a3c5-59cd05a9b752,22707b43-0d8c-42bc-89c9-993ec7b97618,T1.Q1,T1.Q1.A2
2965,d97d6501-b50f-4f8c-a3c5-59cd05a9b752,fb5928da-dc0e-4bf1-a8c7-08b21653903a,T1.Q1,T1.Q1.A2
2974,7c635fe6-8cc5-4671-a22a-c30fb324b1cf,00f548b7-6b63-4b47-828e-8e416b6ca0e2,T1.Q1,T1.Q1.A1
2983,7c635fe6-8cc5-4671-a22a-c30fb324b1cf,e44f5799-6915-45fd-874e-060f6afedcb9,T1.Q1,T1.Q1.A1
2992,7c635fe6-8cc5-4671-a22a-c30fb324b1cf,0b2ee377-65f2-4ac1-98da-5bc093fee7aa,T1.Q1,T1.Q1.A2
3001,7c635fe6-8cc5-4671-a22a-c30fb324b1cf,b633a457-b6d9-48c0-8b69-87cc725f470b,T1.Q1,T1.Q1.A1
3011,7c635fe6-8cc5-4671-a22a-c30fb324b1cf,566f0fa0-7d81-4f43-9c3f-dca97642bd5f,T1.Q1,T1.Q1.A1
3020,7c635fe6-8cc5-4671-a22a-c30fb324b1cf,8cddd693-f0df-441c-9c1c-927902e76099,T1.Q1,T1.Q1.A2
3030,7c635fe6-8cc5-4671-a22a-c30fb324b1cf,c1d62210-4d59-4302-9d39-994919558bb1,T1.Q1,T1.Q1.A1
3039,7c635fe6-8cc5-4671-a22a-c30fb324b1cf,419f3399-0646-43dd-aef8-ea9a8f901007,T1.Q1,T1.Q1.A1
3049,7c635fe6-8cc5-4671-a22a-c30fb324b1cf,af937372-05a4-4143-97fa-7250c7597180,T1.Q1,T1.Q1.A1
3058,7c635fe6-8cc5-4671-a22a-c30fb324b1cf,ce8a8db8-0d7f-4a11-8329-5a7fc065394d,T1.Q1,T1.Q1.A1
3067,7c635fe6-8cc5-4671-a22a-c30fb324b1cf,0f369711-c76f-497a-bffe-4d10a3ab3619,T1.Q1,T1.Q1.A1
3077,7c635fe6-8cc5-4671-a22a-c30fb324b1cf,f65da27f-4054-4358-a1bc-14e9ee2edf0f,T1.Q1,T1.Q1.A1
3087,7c635fe6-8cc5-4671-a22a-c30fb324b1cf,8bb2253e-a5e0-423c-afd5-7a41ab48db58,T1.Q1,T1.Q1.A1
3096,7c635fe6-8cc5-4671-a22a-c30fb324b1cf,ba204390-7580-40ae-bfd1-5fdd7c0a30a6,T1.Q1,T1.Q1.A2
3107,7c635fe6-8cc5-4671-a22a-c30fb324b1cf,632e730c-cd27-499f-bf82-36eade7384f3,T1.Q1,T1.Q1.A1
3117,7c635fe6-8cc5-4671-a22a-c30fb324b1cf,59da98ee-cb4c-4e52-ba5b-21fd9ce26516,T1.Q1,T1.Q1.A1
3127,7c635fe6-8cc5-4671-a22a-c30fb324b1cf,ec334c18-205b-4208-8c51-f6eb643ed6d1,T1.Q1,T1.Q1.A1
3137,7c635fe6-8cc5-4671-a22a-c30fb324b1cf,b43af154-ecbd-4552-b277-771853d85d52,T1.Q1,T1.Q1.A2
3146,7c635fe6-8cc5-4671-a22a-c30fb324b1cf,22707b43-0d8c-42bc-89c9-993ec7b97618,T1.Q1,T1.Q1.A2
3156,7c635fe6-8cc5-4671-a22a-c30fb324b1cf,fb5928da-dc0e-4bf1-a8c7-08b21653903a,T1.Q1,T1.Q1.A1
3165,b2846191-15d5-4129-983d-ee94ad66e9c9,00f548b7-6b63-4b47-828e-8e416b6ca0e2,T1.Q1,T1.Q1.A2
3179,b2846191-15d5-4129-983d-ee94ad66e9c9,0b2ee377-65f2-4ac1-98da-5bc093fee7aa,T1.Q1,T1.Q1.A1
3192,b2846191-15d5-4129-983d-ee94ad66e9c9,f9143626-bfe0-4e69-b652-6d1525ab4eb0,T1.Q1,T1.Q1.A2
3206,b2846191-15d5-4129-983d-ee94ad66e9c9,b633a457-b6d9-48c0-8b69-87cc725f470b,T1.Q1,T1.Q1.A2
3216,b2846191-15d5-4129-983d-ee94ad66e9c9,566f0fa0-7d81-4f43-9c3f-dca97642bd5f,T1.Q1,T1.Q1.A2
3229,b2846191-15d5-4129-983d-ee94ad66e9c9,8cddd693-f0df-441c-9c1c-927902e76099,T1.Q1,T1.Q1.A2
3244,b2846191-15d5-4129-983d-ee94ad66e9c9,c1d62210-4d59-4302-9d39-994919558bb1,T1.Q1,T1.Q1.A2
3257,b2846191-15d5-4129-983d-ee94ad66e9c9,419f3399-0646-43dd-aef8-ea9a8f901007,T1.Q1,T1.Q1.A2
3274,b2846191-15d5-4129-983d-ee94ad66e9c9,ce8a8db8-0d7f-4a11-8329-5a7fc065394d,T1.Q1,T1.Q1.A2
3287,b2846191-15d5-4129-983d-ee94ad66e9c9,0f369711-c76f-497a-bffe-4d10a3ab3619,T1.Q1,T1.Q1.A2
3301,b2846191-15d5-4129-983d-ee94ad66e9c9,f65da27f-4054-4358-a1bc-14e9ee2edf0f,T1.Q1,T1.Q1.A2
3316,b2846191-15d5-4129-983d-ee94ad66e9c9,8bb2253e-a5e0-423c-afd5-7a41ab48db58,T1.Q1,T1.Q1.A2
3330,b2846191-15d5-4129-983d-ee94ad66e9c9,ba204390-7580-40ae-bfd1-5fdd7c0a30a6,T1.Q1,T1.Q1.A2
3343,b2846191-15d5-4129-983d-ee94ad66e9c9,632e730c-cd27-499f-bf82-36eade7384f3,T1.Q1,T1.Q1.A2
3359,b2846191-15d5-4129-983d-ee94ad66e9c9,59da98ee-cb4c-4e52-ba5b-21fd9ce26516,T1.Q1,T1.Q1.A2
3376,b2846191-15d5-4129-983d-ee94ad66e9c9,ec334c18-205b-4208-8c51-f6eb643ed6d1,T1.Q1,T1.Q1.A2
3388,b2846191-15d5-4129-983d-ee94ad66e9c9,b43af154-ecbd-4552-b277-771853d85d52,T1.Q1,T1.Q1.A1
3403,b2846191-15d5-4129-983d-ee94ad66e9c9,af937372-05a4-4143-97fa-7250c7597180,T1.Q1,T1.Q1.A2
3417,b2846191-15d5-4129-983d-ee94ad66e9c9,22707b43-0d8c-42bc-89c9-993ec7b97618,T1.Q1,T1.Q1.A2
3431,b2846191-15d5-4129-983d-ee94ad66e9c9,fb5928da-dc0e-4bf1-a8c7-08b21653903a,T1.Q1,T1.Q1.A2
3445,92543bd7-bb56-4068-a755-b93a6574cf5a,0b2ee377-65f2-4ac1-98da-5bc093fee7aa,T1.Q1,T1.Q1.A1
3454,92543bd7-bb56-4068-a755-b93a6574cf5a,f9143626-bfe0-4e69-b652-6d1525ab4eb0,T1.Q1,T1.Q1.A1
3464,92543bd7-bb56-4068-a755-b93a6574cf5a,172e9a38-d3e4-453e-8556-18bbd0fcb07e,T1.Q1,T1.Q1.A2
3475,92543bd7-bb56-4068-a755-b93a6574cf5a,bd786026-bad5-4fa8-9a3a-38ca03a16412,T1.Q1,T1.Q1.A2
3485,92543bd7-bb56-4068-a755-b93a6574cf5a,566f0fa0-7d81-4f43-9c3f-dca97642bd5f,T1.Q1,T1.Q1.A1
3495,92543bd7-bb56-4068-a755-b93a6574cf5a,419f3399-0646-43dd-aef8-ea9a8f901007,T1.Q1,T1.Q1.A1
3506,92543bd7-bb56-4068-a755-b93a6574cf5a,ce8a8db8-0d7f-4a11-8329-5a7fc065394d,T1.Q1,T1.Q1.A2
3516,92543bd7-bb56-4068-a755-b93a6574cf5a,0f369711-c76f-497a-bffe-4d10a3ab3619,T1.Q1,T1.Q1.A1
3528,92543bd7-bb56-4068-a755-b93a6574cf5a,f65da27f-4054-4358-a1bc-14e9ee2edf0f,T1.Q1,T1.Q1.A2
3540,92543bd7-bb56-4068-a755-b93a6574cf5a,ba204390-7580-40ae-bfd1-5fdd7c0a30a6,T1.Q1,T1.Q1.A1
3550,92543bd7-bb56-4068-a755-b93a6574cf5a,632e730c-cd27-499f-bf82-36eade7384f3,T1.Q1,T1.Q1.A2
3560,92543bd7-bb56-4068-a755-b93a6574cf5a,af937372-05a4-4143-97fa-7250c7597180,T1.Q1,T1.Q1.A1
3570,92543bd7-bb56-4068-a755-b93a6574cf5a,59da98ee-cb4c-4e52-ba5b-21fd9ce26516,T1.Q1,T1.Q1.A1
3580,92543bd7-bb56-4068-a755-b93a6574cf5a,22707b43-0d8c-42bc-89c9-993ec7b97618,T1.Q1,T1.Q1.A2
3590,92543bd7-bb56-4068-a755-b93a6574cf5a,fb5928da-dc0e-4bf1-a8c7-08b21653903a,T1.Q1,T1.Q1.A1
3600,7995a0fe-1c4a-4d51-9064-1897e7fdf297,0b2ee377-65f2-4ac1-98da-5bc093fee7aa,T1.Q1,T1.Q1.A1
3613,7995a0fe-1c4a-4d51-9064-1897e7fdf297,f9143626-bfe0-4e69-b652-6d1525ab4eb0,T1.Q1,T1.Q1.A1
3625,7995a0fe-1c4a-4d51-9064-1897e7fdf297,bd786026-bad5-4fa8-9a3a-38ca03a16412,T1.Q1,T1.Q1.A2
3637,7995a0fe-1c4a-4d51-9064-1897e7fdf297,566f0fa0-7d81-4f43-9c3f-dca97642bd5f,T1.Q1,T1.Q1.A1
3649,7995a0fe-1c4a-4d51-9064-1897e7fdf297,419f3399-0646-43dd-aef8-ea9a8f901007,T1.Q1,T1.Q1.A1
3660,7995a0fe-1c4a-4d51-9064-1897e7fdf297,ce8a8db8-0d7f-4a11-8329-5a7fc065394d,T1.Q1,T1.Q1.A1
3672,7995a0fe-1c4a-4d51-9064-1897e7fdf297,0f369711-c76f-497a-bffe-4d10a3ab3619,T1.Q1,T1.Q1.A1
3684,7995a0fe-1c4a-4d51-9064-1897e7fdf297,ba204390-7580-40ae-bfd1-5fdd7c0a30a6,T1.Q1,T1.Q1.A1
3696,7995a0fe-1c4a-4d51-9064-1897e7fdf297,632e730c-cd27-499f-bf82-36eade7384f3,T1.Q1,T1.Q1.A1
3710,7995a0fe-1c4a-4d51-9064-1897e7fdf297,af937372-05a4-4143-97fa-7250c7597180,T1.Q1,T1.Q1.A2
3723,7995a0fe-1c4a-4d51-9064-1897e7fdf297,22707b43-0d8c-42bc-89c9-993ec7b97618,T1.Q1,T1.Q1.A1
3734,b4d3861f-5db7-4def-b3d8-14ab384985b5,bd786026-bad5-4fa8-9a3a-38ca03a16412,T1.Q1,T1.Q1.A2
3747,b4d3861f-5db7-4def-b3d8-14ab384985b5,e1ae8875-a398-4dde-8f4e-4b21109784e3,T1.Q1,T1.Q1.A1
3758,b4d3861f-5db7-4def-b3d8-14ab384985b5,00f548b7-6b63-4b47-828e-8e416b6ca0e2,T1.Q1,T1.Q1.A1
3771,b4d3861f-5db7-4def-b3d8-14ab384985b5,566f0fa0-7d81-4f43-9c3f-dca97642bd5f,T1.Q1,T1.Q1.A1
3783,b4d3861f-5db7-4def-b3d8-14ab384985b5,419f3399-0646-43dd-aef8-ea9a8f901007,T1.Q1,T1.Q1.A2
3794,b4d3861f-5db7-4def-b3d8-14ab384985b5,ce8a8db8-0d7f-4a11-8329-5a7fc065394d,T1.Q1,T1.Q1.A2
3807,b4d3861f-5db7-4def-b3d8-14ab384985b5,0f369711-c76f-497a-bffe-4d10a3ab3619,T1.Q1,T1.Q1.A2
3819,b4d3861f-5db7-4def-b3d8-14ab384985b5,ba204390-7580-40ae-bfd1-5fdd7c0a30a6,T1.Q1,T1.Q1.A1
3832,b4d3861f-5db7-4def-b3d8-14ab384985b5,af937372-05a4-4143-97fa-7250c7597180,T1.Q1,T1.Q1.A1
3844,b4d3861f-5db7-4def-b3d8-14ab384985b5,22707b43-0d8c-42bc-89c9-993ec7b97618,T1.Q1,T1.Q1.A2
3855,bd930f84-9d64-49b5-a922-eb99ae49239f,bd786026-bad5-4fa8-9a3a-38ca03a16412,T1.Q1,T1.Q1.A2
3867,bd930f84-9d64-49b5-a922-eb99ae49239f,e1ae8875-a398-4dde-8f4e-4b21109784e3,T1.Q1,T1.Q1.A1
3880,bd930f84-9d64-49b5-a922-eb99ae49239f,343ecb7a-aeb5-4b21-9e9c-df545dafba99,T1.Q1,T1.Q1.A2
3893,bd930f84-9d64-49b5-a922-eb99ae49239f,566f0fa0-7d81-4f43-9c3f-dca97642bd5f,T1.Q1,T1.Q1.A1
3905,bd930f84-9d64-49b5-a922-eb99ae49239f,419f3399-0646-43dd-aef8-ea9a8f901007,T1.Q1,T1.Q1.A1
3917,bd930f84-9d64-49b5-a922-eb99ae49239f,ce8a8db8-0d7f-4a11-8329-5a7fc065394d,T1.Q1,T1.Q1.A2
3929,bd930f84-9d64-49b5-a922-eb99ae49239f,0f369711-c76f-497a-bffe-4d10a3ab3619,T1.Q1,T1.Q1.A1
3941,bd930f84-9d64-49b5-a922-eb99ae49239f,af937372-05a4-4143-97fa-7250c7597180,T1.Q1,T1.Q1.A2
3954,bd930f84-9d64-49b5-a922-eb99ae49239f,22707b43-0d8c-42bc-89c9-993ec7b97618,T1.Q1,T1.Q1.A2
3965,08e6aae7-56c5-4c0f-8517-d2a7f2bc5895,bd786026-bad5-4fa8-9a3a-38ca03a16412,T1.Q1,T1.Q1.A1
3974,08e6aae7-56c5-4c0f-8517-d2a7f2bc5895,e1ae8875-a398-4dde-8f4e-4b21109784e3,T1.Q1,T1.Q1.A1
3985,08e6aae7-56c5-4c0f-8517-d2a7f2bc5895,343ecb7a-aeb5-4b21-9e9c-df545dafba99,T1.Q1,T1.Q1.A2
3994,08e6aae7-56c5-4c0f-8517-d2a7f2bc5895,566f0fa0-7d81-4f43-9c3f-dca97642bd5f,T1.Q1,T1.Q1.A2
4003,08e6aae7-56c5-4c0f-8517-d2a7f2bc5895,419f3399-0646-43dd-aef8-ea9a8f901007,T1.Q1,T1.Q1.A1
4015,08e6aae7-56c5-4c0f-8517-d2a7f2bc5895,ce8a8db8-0d7f-4a11-8329-5a7fc065394d,T1.Q1,T1.Q1.A2
4024,08e6aae7-56c5-4c0f-8517-d2a7f2bc5895,0f369711-c76f-497a-bffe-4d10a3ab3619,T1.Q1,T1.Q1.A2
4034,08e6aae7-56c5-4c0f-8517-d2a7f2bc5895,af937372-05a4-4143-97fa-7250c7597180,T1.Q1,T1.Q1.A2
4043,08e6aae7-56c5-4c0f-8517-d2a7f2bc5895,22707b43-0d8c-42bc-89c9-993ec7b97618,T1.Q1,T1.Q1.A2
4053,72f6d8cc-9f38-4040-b08c-c9623db19f41,bd786026-bad5-4fa8-9a3a-38ca03a16412,T1.Q1,T1.Q1.A2
4063,72f6d8cc-9f38-4040-b08c-c9623db19f41,e1ae8875-a398-4dde-8f4e-4b21109784e3,T1.Q1,T1.Q1.A2
4073,72f6d8cc-9f38-4040-b08c-c9623db19f41,343ecb7a-aeb5-4b21-9e9c-df545dafba99,T1.Q1,T1.Q1.A2
4083,72f6d8cc-9f38-4040-b08c-c9623db19f41,566f0fa0-7d81-4f43-9c3f-dca97642bd5f,T1.Q1,T1.Q1.A1
4093,72f6d8cc-9f38-4040-b08c-c9623db19f41,419f3399-0646-43dd-aef8-ea9a8f901007,T1.Q1,T1.Q1.A1
4094,72f6d8cc-9f38-4040-b08c-c9623db19f41,419f3399-0646-43dd-aef8-ea9a8f901007,T1.Q1,T1.Q1.A2
4105,72f6d8cc-9f38-4040-b08c-c9623db19f41,ce8a8db8-0d7f-4a11-8329-5a7fc065394d,T1.Q1,T1.Q1.A2
4114,72f6d8cc-9f38-4040-b08c-c9623db19f41,0f369711-c76f-497a-bffe-4d10a3ab3619,T1.Q1,T1.Q1.A2
4124,72f6d8cc-9f38-4040-b08c-c9623db19f41,af937372-05a4-4143-97fa-7250c7597180,T1.Q1,T1.Q1.A2
4133,72f6d8cc-9f38-4040-b08c-c9623db19f41,22707b43-0d8c-42bc-89c9-993ec7b97618,T1.Q1,T1.Q1.A2
4143,e399f1ca-2f2c-4803-ad87-6f5fe090ee33,bd786026-bad5-4fa8-9a3a-38ca03a16412,T1.Q1,T1.Q1.A1
4152,e399f1ca-2f2c-4803-ad87-6f5fe090ee33,e1ae8875-a398-4dde-8f4e-4b21109784e3,T1.Q1,T1.Q1.A1
4161,e399f1ca-2f2c-4803-ad87-6f5fe090ee33,343ecb7a-aeb5-4b21-9e9c-df545dafba99,T1.Q1,T1.Q1.A2
4170,e399f1ca-2f2c-4803-ad87-6f5fe090ee33,566f0fa0-7d81-4f43-9c3f-dca97642bd5f,T1.Q1,T1.Q1.A2
4179,e399f1ca-2f2c-4803-ad87-6f5fe090ee33,419f3399-0646-43dd-aef8-ea9a8f901007,T1.Q1,T1.Q1.A1
4188,e399f1ca-2f2c-4803-ad87-6f5fe090ee33,ce8a8db8-0d7f-4a11-8329-5a7fc065394d,T1.Q1,T1.Q1.A2
4197,e399f1ca-2f2c-4803-ad87-6f5fe090ee33,0f369711-c76f-497a-bffe-4d10a3ab3619,T1.Q1,T1.Q1.A2
4207,e399f1ca-2f2c-4803-ad87-6f5fe090ee33,22707b43-0d8c-42bc-89c9-993ec7b97618,T1.Q1,T1.Q1.A2
4216,e399f1ca-2f2c-4803-ad87-6f5fe090ee33,af937372-05a4-4143-97fa-7250c7597180,T1.Q1,T1.Q1.A2
4225,3032089b-c0e4-4f39-ac05-98e135113625,e1ae8875-a398-4dde-8f4e-4b21109784e3,T1.Q1,T1.Q1.A1
4238,3032089b-c0e4-4f39-ac05-98e135113625,bd786026-bad5-4fa8-9a3a-38ca03a16412,T1.Q1,T1.Q1.A1
4249,3032089b-c0e4-4f39-ac05-98e135113625,bba6ae56-fae7-4c7f-993a-866ea4c3efc2,T1.Q1,T1.Q1.A1
4259,3032089b-c0e4-4f39-ac05-98e135113625,566f0fa0-7d81-4f43-9c3f-dca97642bd5f,T1.Q1,T1.Q1.A1
4271,3032089b-c0e4-4f39-ac05-98e135113625,419f3399-0646-43dd-aef8-ea9a8f901007,T1.Q1,T1.Q1.A1
4272,3032089b-c0e4-4f39-ac05-98e135113625,419f3399-0646-43dd-aef8-ea9a8f901007,T1.Q1,T1.Q1.A2
4283,3032089b-c0e4-4f39-ac05-98e135113625,0f369711-c76f-497a-bffe-4d10a3ab3619,T1.Q1,T1.Q1.A2
4296,3032089b-c0e4-4f39-ac05-98e135113625,22707b43-0d8c-42bc-89c9-993ec7b97618,T1.Q1,T1.Q1.A2
4307,3032089b-c0e4-4f39-ac05-98e135113625,af937372-05a4-4143-97fa-7250c7597180,T1.Q1,T1.Q1.A1
4318,e9de370c-d418-4200-b151-77404581a518,e1ae8875-a398-4dde-8f4e-4b21109784e3,T1.Q1,T1.Q1.A2
4330,e9de370c-d418-4200-b151-77404581a518,bd786026-bad5-4fa8-9a3a-38ca03a16412,T1.Q1,T1.Q1.A1
4341,e9de370c-d418-4200-b151-77404581a518,bba6ae56-fae7-4c7f-993a-866ea4c3efc2,T1.Q1,T1.Q1.A1
4352,e9de370c-d418-4200-b151-77404581a518,566f0fa0-7d81-4f43-9c3f-dca97642bd5f,T1.Q1,T1.Q1.A1
4363,e9de370c-d418-4200-b151-77404581a518,419f3399-0646-43dd-aef8-ea9a8f901007,T1.Q1,T1.Q1.A1
4373,e9de370c-d418-4200-b151-77404581a518,0f369711-c76f-497a-bffe-4d10a3ab3619,T1.Q1,T1.Q1.A2
4385,e9de370c-d418-4200-b151-77404581a518,22707b43-0d8c-42bc-89c9-993ec7b97618,T1.Q1,T1.Q1.A2
4396,e9de370c-d418-4200-b151-77404581a518,af937372-05a4-4143-97fa-7250c7597180,T1.Q1,T1.Q1.A1
4409,9a1c9050-1abd-4772-8978-fa629128ae9f,e1ae8875-a398-4dde-8f4e-4b21109784e3,T1.Q1,T1.Q1.A1
4419,9a1c9050-1abd-4772-8978-fa629128ae9f,bd786026-bad5-4fa8-9a3a-38ca03a16412,T1.Q1,T1.Q1.A1
4428,9a1c9050-1abd-4772-8978-fa629128ae9f,bba6ae56-fae7-4c7f-993a-866ea4c3efc2,T1.Q1,T1.Q1.A1
4437,9a1c9050-1abd-4772-8978-fa629128ae9f,566f0fa0-7d81-4f43-9c3f-dca97642bd5f,T1.Q1,T1.Q1.A1
4447,9a1c9050-1abd-4772-8978-fa629128ae9f,419f3399-0646-43dd-aef8-ea9a8f901007,T1.Q1,T1.Q1.A1
4459,9a1c9050-1abd-4772-8978-fa629128ae9f,0f369711-c76f-497a-bffe-4d10a3ab3619,T1.Q1,T1.Q1.A1
4470,9a1c9050-1abd-4772-8978-fa629128ae9f,22707b43-0d8c-42bc-89c9-993ec7b97618,T1.Q1,T1.Q1.A2
4479,9a1c9050-1abd-4772-8978-fa629128ae9f,af937372-05a4-4143-97fa-7250c7597180,T1.Q1,T1.Q1.A1
4489,a84b3b17-d59f-4350-815b-e7793ff1f76f,e1ae8875-a398-4dde-8f4e-4b21109784e3,T1.Q1,T1.Q1.A1
4498,a84b3b17-d59f-4350-815b-e7793ff1f76f,bd786026-bad5-4fa8-9a3a-38ca03a16412,T1.Q1,T1.Q1.A1
4507,a84b3b17-d59f-4350-815b-e7793ff1f76f,bba6ae56-fae7-4c7f-993a-866ea4c3efc2,T1.Q1,T1.Q1.A2
4516,a84b3b17-d59f-4350-815b-e7793ff1f76f,566f0fa0-7d81-4f43-9c3f-dca97642bd5f,T1.Q1,T1.Q1.A2
4526,a84b3b17-d59f-4350-815b-e7793ff1f76f,0f369711-c76f-497a-bffe-4d10a3ab3619,T1.Q1,T1.Q1.A1
4536,a84b3b17-d59f-4350-815b-e7793ff1f76f,22707b43-0d8c-42bc-89c9-993ec7b97618,T1.Q1,T1.Q1.A2
4545,a84b3b17-d59f-4350-815b-e7793ff1f76f,af937372-05a4-4143-97fa-7250c7597180,T1.Q1,T1.Q1.A1
4554,1b4d23d1-fa87-44fe-b5b2-1a5909246b66,e1ae8875-a398-4dde-8f4e-4b21109784e3,T1.Q1,T1.Q1.A1
4563,1b4d23d1-fa87-44fe-b5b2-1a5909246b66,bd786026-bad5-4fa8-9a3a-38ca03a16412,T1.Q1,T1.Q1.A1
4572,1b4d23d1-fa87-44fe-b5b2-1a5909246b66,bba6ae56-fae7-4c7f-993a-866ea4c3efc2,T1.Q1,T1.Q1.A2
4581,1b4d23d1-fa87-44fe-b5b2-1a5909246b66,566f0fa0-7d81-4f43-9c3f-dca97642bd5f,T1.Q1,T1.Q1.A2
4590,1b4d23d1-fa87-44fe-b5b2-1a5909246b66,0f369711-c76f-497a-bffe-4d10a3ab3619,T1.Q1,T1.Q1.A1
4600,1b4d23d1-fa87-44fe-b5b2-1a5909246b66,22707b43-0d8c-42bc-89c9-993ec7b97618,T1.Q1,T1.Q1.A2
4609,1b4d23d1-fa87-44fe-b5b2-1a5909246b66,af937372-05a4-4143-97fa-7250c7597180,T1.Q1,T1.Q1.A2
4618,0214dcdb-838e-4947-8a8e-7cc8f8f2fce6,bd786026-bad5-4fa8-9a3a-38ca03a16412,T1.Q1,T1.Q1.A1
4632,0214dcdb-838e-4947-8a8e-7cc8f8f2fce6,bba6ae56-fae7-4c7f-993a-866ea4c3efc2,T1.Q1,T1.Q1.A1
4646,0214dcdb-838e-4947-8a8e-7cc8f8f2fce6,fed45769-aa61-4b8b-847e-a9c799acce15,T1.Q1,T1.Q1.A1
4656,0214dcdb-838e-4947-8a8e-7cc8f8f2fce6,566f0fa0-7d81-4f43-9c3f-dca97642bd5f,T1.Q1,T1.Q1.A1
4669,0214dcdb-838e-4947-8a8e-7cc8f8f2fce6,0f369711-c76f-497a-bffe-4d10a3ab3619,T1.Q1,T1.Q1.A1
4679,0214dcdb-838e-4947-8a8e-7cc8f8f2fce6,22707b43-0d8c-42bc-89c9-993ec7b97618,T1.Q1,T1.Q1.A1
4692,0214dcdb-838e-4947-8a8e-7cc8f8f2fce6,af937372-05a4-4143-97fa-7250c7597180,T1.Q1,T1.Q1.A1
4706,b4ae9d51-4923-4765-a6b2-049afe8ec571,bd786026-bad5-4fa8-9a3a-38ca03a16412,T1.Q1,T1.Q1.A2
4718,b4ae9d51-4923-4765-a6b2-049afe8ec571,fed45769-aa61-4b8b-847e-a9c799acce15,T1.Q1,T1.Q1.A2
4728,b4ae9d51-4923-4765-a6b2-049afe8ec571,4e256eb7-841b-4239-b6cf-b782de8e492c,T1.Q1,T1.Q1.A2
4741,b4ae9d51-4923-4765-a6b2-049afe8ec571,bba6ae56-fae7-4c7f-993a-866ea4c3efc2,T1.Q1,T1.Q1.A2
4753,b4ae9d51-4923-4765-a6b2-049afe8ec571,566f0fa0-7d81-4f43-9c3f-dca97642bd5f,T1.Q1,T1.Q1.A2
4766,b4ae9d51-4923-4765-a6b2-049afe8ec571,0f369711-c76f-497a-bffe-4d10a3ab3619,T1.Q1,T1.Q1.A2
4778,b4ae9d51-4923-4765-a6b2-049afe8ec571,22707b43-0d8c-42bc-89c9-993ec7b97618,T1.Q1,T1.Q1.A1
4791,b4ae9d51-4923-4765-a6b2-049afe8ec571,af937372-05a4-4143-97fa-7250c7597180,T1.Q1,T1.Q1.A2
4804,c00936dc-7aae-4082-9e2e-3c86c7e17956,bd786026-bad5-4fa8-9a3a-38ca03a16412,T1.Q1,T1.Q1.A1
4813,c00936dc-7aae-4082-9e2e-3c86c7e17956,fed45769-aa61-4b8b-847e-a9c799acce15,T1.Q1,T1.Q1.A1
4822,c00936dc-7aae-4082-9e2e-3c86c7e17956,bba6ae56-fae7-4c7f-993a-866ea4c3efc2,T1.Q1,T1.Q1.A2
4831,c00936dc-7aae-4082-9e2e-3c86c7e17956,4e256eb7-841b-4239-b6cf-b782de8e492c,T1.Q1,T1.Q1.A1
4840,c00936dc-7aae-4082-9e2e-3c86c7e17956,566f0fa0-7d81-4f43-9c3f-dca97642bd5f,T1.Q1,T1.Q1.A2
4850,c00936dc-7aae-4082-9e2e-3c86c7e17956,0f369711-c76f-497a-bffe-4d10a3ab3619,T1.Q1,T1.Q1.A1
4859,c00936dc-7aae-4082-9e2e-3c86c7e17956,22707b43-0d8c-42bc-89c9-993ec7b97618,T1.Q1,T1.Q1.A2
4868,c00936dc-7aae-4082-9e2e-3c86c7e17956,af937372-05a4-4143-97fa-7250c7597180,T1.Q1,T1.Q1.A2
4877,23699e71-779c-4a97-81aa-e0bdc8c69432,bd786026-bad5-4fa8-9a3a-38ca03a16412,T1.Q1,T1.Q1.A2
4889,23699e71-779c-4a97-81aa-e0bdc8c69432,fed45769-aa61-4b8b-847e-a9c799acce15,T1.Q1,T1.Q1.A2
4899,23699e71-779c-4a97-81aa-e0bdc8c69432,bba6ae56-fae7-4c7f-993a-866ea4c3efc2,T1.Q1,T1.Q1.A2
4912,23699e71-779c-4a97-81aa-e0bdc8c69432,4e256eb7-841b-4239-b6cf-b782de8e492c,T1.Q1,T1.Q1.A2
4926,23699e71-779c-4a97-81aa-e0bdc8c69432,566f0fa0-7d81-4f43-9c3f-dca97642bd5f,T1.Q1,T1.Q1.A2
4939,23699e71-779c-4a97-81aa-e0bdc8c69432,0f369711-c76f-497a-bffe-4d10a3ab3619,T1.Q1,T1.Q1.A2
4951,23699e71-779c-4a97-81aa-e0bdc8c69432,22707b43-0d8c-42bc-89c9-993ec7b97618,T1.Q1,T1.Q1.A2
4964,23699e71-779c-4a97-81aa-e0bdc8c69432,af937372-05a4-4143-97fa-7250c7597180,T1.Q1,T1.Q1.A2
4978,b95f22ec-3457-46c6-8366-9138f9f317fd,22707b43-0d8c-42bc-89c9-993ec7b97618,T1.Q1,T1.Q1.A2
4991,d6760316-3f76-459d-a702-8183d6a6c813,22707b43-0d8c-42bc-89c9-993ec7b97618,T1.Q1,T1.Q1.A2
5003,e5283fa7-38ef-46cf-837d-f5b417fb5e33,22707b43-0d8c-42bc-89c9-993ec7b97618,T1.Q1,T1.Q1.A2
5015,3302d197-525a-473b-a840-699a8ef1b5b4,22707b43-0d8c-42bc-89c9-993ec7b97618,T1.Q1,T1.Q1.A2
5026,04547969-2a8e-4229-85a3-21ca7f759c92,22707b43-0d8c-42bc-89c9-993ec7b97618,T1.Q1,T1.Q1.A2
5037,e3f88ab4-f4c4-4396-a955-6fa7c08dd175,22707b43-0d8c-42bc-89c9-993ec7b97618,T1.Q1,T1.Q1.A2
5049,e7429f0c-e447-4d84-8f2c-bad9d28a6f33,22707b43-0d8c-42bc-89c9-993ec7b97618,T1.Q1,T1.Q1.A2
5060,7eb3a6ce-4950-4495-9fd4-45196376a956,22707b43-0d8c-42bc-89c9-993ec7b97618,T1.Q1,T1.Q1.A2
5069,c2d6aa38-af13-46a1-ac85-6bf54c34f9a1,22707b43-0d8c-42bc-89c9-993ec7b97618,T1.Q1,T1.Q1.A2
5078,e36488e7-e148-4715-ba67-4b35cfe89068,22707b43-0d8c-42bc-89c9-993ec7b97618,T1.Q1,T1.Q1.A2
5088,53b5eafc-c9ed-4302-adb9-bb3b75139467,22707b43-0d8c-42bc-89c9-993ec7b97618,T1.Q1,T1.Q1.A2
5100,74f320cc-93d8-496b-ac47-86ae224406d9,22707b43-0d8c-42bc-89c9-993ec7b97618,T1.Q1,T1.Q1.A2
5111,c456b496-0380-410c-b039-28c550d058e1,22707b43-0d8c-42bc-89c9-993ec7b97618,T1.Q1,T1.Q1.A2
