u0,00f548,6,,7163,7271
u1,00f548,6,,7714,7926
u2,00f548,6,,8860,9018
u3,00f548,6,,9305,9523
u4,00f548,6,,9711,9944
u5,00f548,6,,10781,10999
u6,00f548,6,,11713,11904
u7,00f548,6,,11907,12127
u8,00f548,6,,81699,81924
u9,00f548,6,,82147,82307
u10,00f548,6,,83171,83258
u11,00f548,6,,85682,85856
u12,00f548,6,,86491,86745
u13,00f548,6,,87194,87294
u14,0b2ee3,6,,4506,4541
u15,0b2ee3,6,,5577,5767
u16,0b2ee3,6,,5770,5813
u17,0b2ee3,6,,6185,6235
u18,0b2ee3,6,,7163,7271
u19,0b2ee3,6,,12545,12953
u20,0b2ee3,6,,15435,15605
u21,0b2ee3,6,,15860,16012
u22,0b2ee3,6,,16526,16564
u23,0b2ee3,6,,16702,16847
u24,0b2ee3,6,,17009,17116
u25,0b2ee3,6,,17452,17526
u26,0b2ee3,6,,19250,19346
u27,0b2ee3,6,,20371,20511
u28,0b2ee3,6,,21586,21646
u29,0b2ee3,6,,22223,22395
u30,0b2ee3,6,,22666,22878
u31,0b2ee3,6,,23112,23244
u32,0b2ee3,6,,23859,23930
u33,0b2ee3,6,,24361,24441
u34,0b2ee3,6,,27468,27582
u35,0b2ee3,6,,27912,28056
u36,0b2ee3,6,,28059,28116
u37,0b2ee3,6,,28949,29048
u38,0b2ee3,6,,30054,30289
u39,0b2ee3,6,,32826,32989
u40,0b2ee3,6,,34395,34522
u41,0b2ee3,6,,35820,36108
u42,0b2ee3,6,,38511,38770
u43,0b2ee3,6,,39053,39185
u44,0b2ee3,6,,39808,40001
u45,0b2ee3,6,,45503,45648
u46,0b2ee3,6,,46803,46894
u47,0b2ee3,6,,47653,47783
u48,0b2ee3,6,,49361,49551
u49,0b2ee3,6,,49616,49681
u50,0b2ee3,6,,51567,51621
u51,0b2ee3,6,,52511,52602
u52,0b2ee3,6,,52760,52916
u53,0b2ee3,6,,55191,55244
u54,0b2ee3,6,,57090,57250
u55,0b2ee3,6,,57690,57766
u56,0b2ee3,6,,57769,57816
u57,0b2ee3,6,,58507,58601
u58,0b2ee3,6,,59650,59831
u59,0b2ee3,6,,62431,62496
u60,0b2ee3,6,,63291,63517
u61,0b2ee3,6,,64267,64406
u62,0b2ee3,6,,64408,64538
u63,0b2ee3,6,,66551,66677
u64,0b2ee3,6,,66679,66830
u65,0b2ee3,6,,66995,67114
u66,0b2ee3,6,,67374,67463
u67,0b2ee3,6,,67537,67600
u68,0b2ee3,6,,68221,68323
u69,0b2ee3,6,,70209,70309
u70,0b2ee3,6,,71639,71937
u71,0b2ee3,6,,72802,73077
u72,0b2ee3,6,,74308,74554
u73,0b2ee3,6,,77206,77306
u74,0b2ee3,6,,78317,78455
u75,0b2ee3,6,,80289,80405
u76,0b2ee3,6,,81254,81516
u77,0b2ee3,6,,81643,81819
u78,0b2ee3,6,,85682,85856
u79,0b2ee3,6,,86135,86305
u80,0b2ee3,6,,88334,88475
u81,0b2ee3,6,,90089,90238
u82,0b2ee3,6,,92326,92512
u83,0b2ee3,6,,92968,93117
u84,0b2ee3,6,,95569,95759
u85,0b2ee3,6,,96252,96335
u86,0b2ee3,6,,97216,97511
u87,0b2ee3,6,,97811,98004
u88,0b2ee3,6,,98346,98459
u89,0b2ee3,6,,99131,99432
u90,0b2ee3,6,,99877,100064
u91,0b2ee3,6,,100067,100297
u92,0b2ee3,6,,100592,100837
u93,0b2ee3,6,,102139,102235
u94,0b2ee3,6,,105024,105169
u95,0b2ee3,6,,105233,105372
u96,0b2ee3,6,,107418,107619
u97,1119f9,6,,6943,7602
u98,1119f9,6,,7606,7926
u99,1119f9,6,,8226,8366
u100,1119f9,6,,8369,8570
u101,1119f9,6,,30697,30766
u102,1119f9,6,,31056,31322
u103,2d3196,6,,81699,81924
u104,2d3196,6,,82208,82307
u105,2d3196,6,,82895,82963
u106,2d3196,6,,85682,85856
u107,2d3196,6,,85860,85973
u108,2d3196,6,,85986,86131
u109,2d3196,6,,86585,86745
u110,2d3196,6,,87194,87279
u111,452115,6,,6943,7159
u112,452115,6,,7421,7602
u113,452115,6,,81626,81924
u114,452115,6,,82208,82307
u115,452115,6,,82895,82963
u116,452115,6,,83148,83348
u117,452115,6,,85682,85856
u118,452115,6,,85860,85973
u119,452115,6,,85986,86131
u120,452115,6,,86585,86745
u121,95dc40,6,,6090,6232
u122,95dc40,6,,6667,6752
u123,bd7860,6,,5381,5573
u124,bd7860,6,,6235,6549
u125,bd7860,6,,6553,6752
u126,bd7860,6,,7163,7271
u127,bd7860,6,,7477,7602
u128,bd7860,6,,7779,7926
u129,bd7860,6,,11002,11224
u130,bd7860,6,,11584,11616
u131,bd7860,6,,11713,11894
u132,bd7860,6,,12610,12953
u133,bd7860,6,,13579,13708
u134,bd7860,6,,13925,14102
u135,bd7860,6,,14606,14696
u136,bd7860,6,,14798,14982
u137,bd7860,6,,15607,15857
u138,bd7860,6,,16702,16847
u139,bd7860,6,,19268,19346
u140,bd7860,6,,20160,20240
u141,bd7860,6,,25048,25137
u142,bd7860,6,,27389,27582
u143,bd7860,6,,28059,28116
u144,bd7860,6,,32744,32822
u145,bd7860,6,,35400,35494
u146,bd7860,6,,38124,38277
u147,bd7860,6,,38511,38604
u148,bd7860,6,,38774,38948
u149,bd7860,6,,39072,39185
u150,bd7860,6,,39189,39257
u151,bd7860,6,,39277,39338
u152,bd7860,6,,39808,39985
u153,bd7860,6,,51497,51564
u154,bd7860,6,,51697,51834
u155,bd7860,6,,51986,52040
u156,bd7860,6,,55603,55677
u157,bd7860,6,,57201,57238
u158,bd7860,6,,57454,57620
u159,bd7860,6,,57690,57766
u160,bd7860,6,,58524,58601
u161,bd7860,6,,58939,59042
u162,bd7860,6,,59045,59348
u163,bd7860,6,,59745,59831
u164,bd7860,6,,60100,60474
u165,bd7860,6,,61105,61153
u166,bd7860,6,,61769,61864
u167,bd7860,6,,63359,63411
u168,bd7860,6,,65846,65980
u169,bd7860,6,,67537,67600
u170,ca3c9e,6,,81626,81924
u171,ca3c9e,6,,82147,82307
u172,cffa52,6,,9711,9931
u173,cffa52,6,,11002,11224
u174,cffa52,6,,11227,11419
u175,e08341,6,,6943,7159
u176,e08341,6,,7163,7368
u177,e08341,6,,7371,7602
u178,e08341,6,,7714,7926
u179,e1ae88,6,,3314,3468
u180,e1ae88,6,,5381,5573
u181,e1ae88,6,,6235,6549
u182,e1ae88,6,,6553,6752
u183,e1ae88,6,,6943,7159
u184,e1ae88,6,,7421,7602
u185,e1ae88,6,,7779,7926
u186,e1ae88,6,,9711,9931
u187,e1ae88,6,,10588,10763
u188,e1ae88,6,,12131,12277
u189,e1ae88,6,,16526,16564
u190,e1ae88,6,,16566,16847
u191,e1ae88,6,,25605,25755
u192,e1ae88,6,,26532,26691
u193,e1ae88,6,,28545,28659
u194,e1ae88,6,,28756,28914
u195,e1ae88,6,,28919,29048
u196,e1ae88,6,,29052,29260
u197,e1ae88,6,,29408,29608
u198,e1ae88,6,,31056,31322
u199,e1ae88,6,,32993,33115
u200,e1ae88,6,,33276,33318
u201,e1ae88,6,,34959,35134
u202,e1ae88,6,,35167,35268
u203,e1ae88,6,,35400,35817
u204,e1ae88,6,,37413,37708
u205,e1ae88,6,,38124,38948
u206,e1ae88,6,,39053,39185
u207,e1ae88,6,,39189,39257
u208,e1ae88,6,,39277,39338
u209,e1ae88,6,,39529,39768
u210,e1ae88,6,,39808,40052
u211,e1ae88,6,,42843,43044
u212,e1ae88,6,,44368,44639
u213,e1ae88,6,,47381,47650
u214,e1ae88,6,,47653,48237
u215,e1ae88,6,,51697,52040
u216,e1ae88,6,,52057,52173
u217,e1ae88,6,,54595,55000
u218,e1ae88,6,,56306,56491
u219,e1ae88,6,,58168,58262
u220,e1ae88,6,,58495,58601
u221,e1ae88,6,,59045,59382
u222,e1ae88,6,,59650,59911
u223,e1ae88,6,,60100,60602
u224,e1ae88,6,,65370,65980
u225,e1ae88,6,,77730,77891
u226,e1ae88,6,,78140,78314
u227,e1ae88,6,,78863,79059
u228,e1ae88,6,,79407,79582
u229,e1ae88,6,,79586,79731
u230,e1ae88,6,,79765,80067
u231,e1ae88,6,,80702,80836
u232,e1ae88,6,,80840,80958
u233,e1ae88,6,,81254,81516
u234,e1ae88,6,,81699,81924
u235,e1ae88,6,,82147,82307
u236,e1ae88,6,,82895,82963
u237,e1ae88,6,,83065,83144
u238,e1ae88,6,,85682,85856
u239,e1ae88,6,,85860,85973
u240,e1ae88,6,,85986,86131
u241,e1ae88,6,,86598,86745
u242,e1ae88,6,,87194,87279
u243,e44f57,6,,9658,9931
u244,e44f57,6,,12545,12953
u245,e44f57,6,,24361,25201
u246,e44f57,6,,25893,26002
u247,f3a07c,6,,16180,16847
u248,f91436,6,,4565,4688
u249,f91436,6,,4920,5070
u250,f91436,6,,5152,5282
u251,f91436,6,,5381,5398
u252,f91436,6,,5429,5514
u253,f91436,6,,5603,5703
u254,f91436,6,,5910,6063
u255,f91436,6,,6116,6232
u256,f91436,6,,6322,6434
u257,f91436,6,,6436,6549
u258,f91436,6,,7163,7271
u259,f91436,6,,7477,7602
u260,f91436,6,,7779,7926
u261,fe9d3f,6,,2074,2262
u262,fe9d3f,6,,7477,7602
u263,fe9d3f,6,,12956,13003
u264,fe9d3f,6,,22666,22876
u265,fe9d3f,6,,26238,26372
u266,fe9d3f,6,,26671,26691
u267,fe9d3f,6,,27398,27466
u268,fe9d3f,6,,28430,28679
u269,fe9d3f,6,,28919,29048
u270,fe9d3f,6,,29052,29277
u271,fe9d3f,6,,32691,32822
u272,fe9d3f,6,,34362,34393
u273,fe9d3f,6,,34698,34788
u274,fe9d3f,6,,36196,36329
u275,fe9d3f,6,,38124,38340
u276,fe9d3f,6,,39529,39768
u277,fe9d3f,6,,39808,40001
u278,fe9d3f,6,,41224,41240
u279,fe9d3f,6,,43760,43919
u280,fe9d3f,6,,48839,48945
u281,fe9d3f,6,,49361,49551
u282,fe9d3f,6,,49585,49614
u283,fe9d3f,6,,50545,50631
u284,fe9d3f,6,,50760,50859
u285,fe9d3f,6,,51452,51495
u286,fe9d3f,6,,52176,52502
u287,fe9d3f,6,,55603,55677
u288,fe9d3f,6,,55920,55943
u289,fe9d3f,6,,56011,56050
u290,fe9d3f,6,,56230,56491
u291,fe9d3f,6,,56629,56732
u292,fe9d3f,6,,56735,57087
u293,fe9d3f,6,,57282,57450
u294,fe9d3f,6,,57454,57659
u295,fe9d3f,6,,58661,58936
u296,fe9d3f,6,,59350,59382
u297,fe9d3f,6,,59448,59486
u298,fe9d3f,6,,59491,59647
u299,fe9d3f,6,,59650,59831
u300,fe9d3f,6,,60530,60602
u301,fe9d3f,6,,60749,60794
u302,fe9d3f,6,,60837,61153
u303,fe9d3f,6,,62411,62493
u304,fe9d3f,6,,63359,63386
u305,fe9d3f,6,,64456,64538
u306,fe9d3f,6,,68221,68320
u307,fe9d3f,6,,68702,68744
u308,fe9d3f,6,,71869,71937
u309,fe9d3f,6,,71941,71974
u310,fe9d3f,6,,72859,72880
u311,fe9d3f,6,,72881,72926
u312,fe9d3f,6,,73203,73227
u313,fe9d3f,6,,73878,73939
u314,fe9d3f,6,,74200,74306
u315,fe9d3f,6,,74850,74970
u316,fe9d3f,6,,74973,75184
u317,fe9d3f,6,,75620,75794
u318,fe9d3f,6,,76006,76233
u319,fe9d3f,6,,76453,76687
u320,fe9d3f,6,,76690,76797
u321,fe9d3f,6,,77309,77589
u322,fe9d3f,6,,78003,78040
u323,fe9d3f,6,,79825,79876
u324,fe9d3f,6,,80289,80405
u325,fe9d3f,6,,80702,80757
u326,fe9d3f,6,,81626,81819
u327,fe9d3f,6,,81927,82143
u328,fe9d3f,6,,82147,82307
u329,fe9d3f,6,,83433,83522
u330,fe9d3f,6,,85321,85427
u331,fe9d3f,6,,85644,85678
u332,fe9d3f,6,,86221,86255
u333,fe9d3f,6,,86309,86364
u334,fe9d3f,6,,86491,86568
u335,fe9d3f,6,,87496,87567
u336,fe9d3f,6,,88661,89188
u337,fe9d3f,6,,90777,90940
u338,fe9d3f,6,,92968,93117
u339,fe9d3f,6,,94397,94437
u340,fe9d3f,6,,97709,97807
u341,fe9d3f,6,,99313,99336
u342,fe9d3f,6,,100245,100297
u343,fe9d3f,6,,101006,101114
u344,fe9d3f,6,,101799,101820
u345,fe9d3f,6,,105415,105615
u346,fe9d3f,6,,107622,107778
u347,fe9d3f,6,,108825,109006
u348,fe9d3f,6,,111063,111259
u349,fe9d3f,6,,111742,111807
u350,fe9d3f,6,,113465,113544
u351,fe9d3f,6,,116593,116726
u352,fe9d3f,6,,119503,119672
u353,fe9d3f,6,,120052,120094
u354,fe9d3f,6,,120263,120302
u355,fe9d3f,6,,120795,120856
u356,fe9d3f,6,,121345,121637
u357,fe9d3f,6,,121902,121910
u358,fe9d3f,6,,122106,122129
u359,fe9d3f,6,,123315,123399
u360,fe9d3f,6,,123455,123605
u361,fe9d3f,6,,124278,124321
u362,fe9d3f,6,,124926,125055
u363,fe9d3f,6,,127252,127260
u364,fe9d3f,6,,127797,127882
u365,fe9d3f,6,,129688,130046
u366,fe9d3f,6,,130467,130552
u367,fe9d3f,6,,132506,132563
u368,fe9d3f,6,,134147,134170
u369,fe9d3f,6,,138259,138323
u370,fe9d3f,6,,141171,141264
u371,fe9d3f,6,,141342,141511
u372,fe9d3f,6,,143019,143155
u373,fe9d3f,6,,144635,144656
u374,fe9d3f,6,,148424,148581
u375,fe9d3f,6,,149740,149821
u376,fe9d3f,6,,150843,150854
u377,fe9d3f,6,,154086,154269
u378,fe9d3f,6,,154491,154746
u379,fe9d3f,6,,155471,155567
u380,fe9d3f,6,,158264,158340
u381,fe9d3f,6,,158344,158686
u382,fe9d3f,6,,159618,159795
u383,fe9d3f,6,,161856,161930
u384,fe9d3f,6,,163394,163517
u385,fe9d3f,6,,163637,163700
u386,fe9d3f,6,,165154,165429
u387,fe9d3f,6,,165982,166195
u388,fe9d3f,6,,166287,166305
u389,fe9d3f,6,,167178,167410
u390,fe9d3f,6,,167414,167869
u391,fe9d3f,6,,168314,168464
u392,fe9d3f,6,,168557,168610
u393,fe9d3f,6,,168680,168805
u394,fe9d3f,6,,170038,170194
u395,fe9d3f,6,,170212,170233
u396,fe9d3f,6,,170310,170432
u397,fe9d3f,6,,170436,170484
u398,fe9d3f,6,,170745,170888
u399,fe9d3f,6,,171407,171510
u400,fe9d3f,6,,171868,172010
u401,fe9d3f,6,,173931,174199
u402,fe9d3f,6,,174552,174823
u403,fe9d3f,6,,175431,175674
u404,fe9d3f,6,,178583,178838
u405,fe9d3f,6,,179115,179181
u406,fe9d3f,6,,179188,179332
u407,fe9d3f,6,,179536,179604
u408,fe9d3f,6,,179608,179745
u409,fe9d3f,6,,179749,180059
u410,fe9d3f,6,,182047,182303
u411,fe9d3f,6,,186097,186208
u412,fe9d3f,6,,189662,189903
u413,fe9d3f,6,,193063,193113
u414,fe9d3f,6,,196236,196495
u415,fe9d3f,6,,198269,198552
u416,fe9d3f,6,,199559,199689
u417,fe9d3f,6,,200594,200715
u418,fe9d3f,6,,203783,203823
u419,fe9d3f,6,,204173,204318
u420,fe9d3f,6,,207880,207901
u421,fe9d3f,6,,208144,208292
u422,fe9d3f,6,,208300,208471
u423,fe9d3f,6,,209470,209508
u424,fe9d3f,6,,211581,212153
u425,fe9d3f,6,,213548,213862
u426,fe9d3f,6,,215475,215662
u427,fe9d3f,6,,216240,216297
u428,fe9d3f,6,,218979,219008
u429,fe9d3f,6,,220525,220738
u430,fe9d3f,6,,221550,221710
u431,fe9d3f,6,,223188,223227
u432,fe9d3f,6,,223535,223601
u433,fe9d3f,6,,223676,223731
u434,fe9d3f,6,,225012,225269
u435,fe9d3f,6,,225404,225725
u436,fe9d3f,6,,227954,228020
u437,fe9d3f,6,,232703,233180
u438,fe9d3f,6,,233897,234135
u439,fe9d3f,6,,234329,234451
u440,fe9d3f,6,,234454,234636
u441,fe9d3f,6,,235821,235939
u442,fe9d3f,6,,240397,240688
u443,fe9d3f,6,,242349,242560
u444,fe9d3f,6,,245573,245689
u445,fe9d3f,6,,246279,246531
u446,fe9d3f,6,,247645,247764
u447,fe9d3f,6,,252245,252348
u448,fe9d3f,6,,255539,255577
u449,fe9d3f,6,,259506,259577
u450,fe9d3f,6,,263428,263451
u451,fed457,6,,30495,30503
u452,fed457,6,,30692,30696
