u0,0b2ee3,8,,1064,1512
u1,0b2ee3,8,,1624,1879
u2,0b2ee3,8,,1931,2129
u3,0b2ee3,8,,896,1058
u4,0b2ee3,8,,2488,2632
u5,172e9a,8,,3294,3608
u6,fe9d3f,8,,608,616
u7,fe9d3f,8,,699,756
u8,fe9d3f,8,,1267,1512
u9,fe9d3f,8,,2367,2436
u10,fe9d3f,8,,2488,2632
u11,fe9d3f,8,,2829,2872
u12,fe9d3f,8,,3240,3291
u13,fe9d3f,8,,3294,3608
u14,fe9d3f,8,,3726,3811
u15,95dc40,8,,183,259
u16,95dc40,8,,373,589
u17,95dc40,8,,824,835
u18,95dc40,8,,1064,1375
u19,95dc40,8,,3294,3344
u20,e1ae88,8,,5632,5753
u21,00f548,8,,4222,4427
u22,00f548,8,,4773,4985
u23,00f548,8,,5632,5753
u24,00f548,8,,5285,5425
u25,0b2ee3,8,,4430,4661
u26,0b2ee3,8,,4989,5125
u27,1119f9,8,,5632,5753
u28,fe9d3f,8,,4773,4985
u29,fe9d3f,8,,5375,5569
u30,bd7860,8,,5640,5753
u31,0b2ee3,8,,6700,6766
u32,0b2ee3,8,,6770,6990
u33,bd7860,8,,8966,9186
u34,bd7860,8,,7840,8058
u35,00f548,8,,8061,8283
u36,00f548,8,,8286,8415
u37,00f548,8,,8966,9186
u38,e1ae88,8,,7840,8058
u39,e1ae88,8,,8966,9186
u40,f3a07c,8,,8141,8283
u41,f3a07c,8,,8351,8390
u42,0b2ee3,8,,10138,10454
u43,0b2ee3,8,,12041,12044
u44,0b2ee3,8,,11665,11755
u45,0b2ee3,8,,11757,12041
u46,e44f57,8,,11665,12041
u47,e44f57,8,,11229,11662
u48,bd7860,8,,11462,11488
u49,bd7860,8,,11596,11604
u50,bd7860,8,,11713,11745
u51,bd7860,8,,11784,11855
u52,bd7860,8,,13441,13468
u53,bd7860,8,,13568,13582
u54,bd7860,8,,13710,13758
u55,fe9d3f,8,,9666,10012
u56,fe9d3f,8,,10638,10721
u57,fe9d3f,8,,10796,10886
u58,fe9d3f,8,,11561,11662
u59,fe9d3f,8,,11857,12041
u60,fe9d3f,8,,12580,12664
u61,fe9d3f,8,,13073,13236
u62,fe9d3f,8,,13568,13582
u63,00f548,8,,11229,11662
u64,00f548,8,,11665,12077
u65,00f548,8,,12919,13236
u66,00f548,8,,13239,13582
u67,e1ae88,8,,13625,13758
u68,e1ae88,8,,13585,13591
u69,e1ae88,8,,13604,13633
u70,f3a07c,8,,11444,11559
u71,f3a07c,8,,11757,12041
u72,f3a07c,8,,13073,13236
u73,f3a07c,8,,13371,13468
u74,f3a07c,8,,13470,13582
u75,f3a07c,8,,13710,13758
u76,0b2ee3,8,,14478,14591
u77,0b2ee3,8,,14691,14819
u78,bd7860,8,,14474,14658
u79,bd7860,8,,14826,15009
u80,bd7860,8,,15080,15181
u81,bd7860,8,,15038,15062
u82,bd7860,8,,14241,14459
u83,bd7860,8,,14189,14230
u84,e08341,8,,14822,14969
u85,e08341,8,,15080,15181
u86,e08341,8,,14474,14591
u87,e08341,8,,14241,14459
u88,fe9d3f,8,,14161,14459
u89,fe9d3f,8,,14661,14819
u90,fe9d3f,8,,15012,15181
u91,e1ae88,8,,14023,14158
u92,e1ae88,8,,14241,14459
u93,e1ae88,8,,14462,14819
u94,e1ae88,8,,14822,14969
u95,e1ae88,8,,15064,15181
u96,00f548,8,,13908,14658
u97,00f548,8,,14822,15181
u98,e44f57,8,,14023,14459
u99,e44f57,8,,14462,14658
u100,e44f57,8,,14661,15009
u101,e44f57,8,,15012,15181
u102,0b2ee3,8,,16547,16978
u103,bd7860,8,,15676,15857
u104,bd7860,8,,16351,16544
u105,bd7860,8,,16547,16978
u106,bd7860,8,,17356,17444
u107,bd7860,8,,17473,17523
u108,e08341,8,,16339,16978
u109,e08341,8,,17343,17523
u110,fe9d3f,8,,17812,18035
u111,fe9d3f,8,,16141,16215
u112,fe9d3f,8,,16533,16544
u113,fe9d3f,8,,16897,17008
u114,e1ae88,8,,15648,15805
u115,e1ae88,8,,16339,16978
u116,e1ae88,8,,15859,16215
u117,e1ae88,8,,17757,17809
u118,e1ae88,8,,17343,17444
u119,e44f57,8,,15648,16336
u120,e44f57,8,,16339,16978
u121,e44f57,8,,17343,17523
u122,e44f57,8,,17526,18035
u123,e1ae88,8,,19060,19143
u124,e1ae88,8,,19202,19436
u125,e1ae88,8,,19438,19974
u126,e1ae88,8,,18044,18094
u127,e1ae88,8,,18044,18094
u128,e1ae88,8,,19976,20571
u129,e1ae88,8,,21234,21344
u130,e1ae88,8,,21355,21565
u131,e1ae88,8,,21801,22382
u132,e1ae88,8,,22548,23048
u133,e1ae88,8,,23896,24133
u134,e1ae88,8,,24506,24580
u135,e1ae88,8,,24582,24702
u136,fe9d3f,8,,20135,20273
u137,fe9d3f,8,,22795,23048
u138,fe9d3f,8,,23639,23734
u139,fe9d3f,8,,23892,24133
u140,fe9d3f,8,,24506,24580
u141,0b2ee3,8,,18844,19058
u142,0b2ee3,8,,20273,20275
u143,0b2ee3,8,,22382,22384
u144,0b2ee3,8,,23048,23050
u145,0b2ee3,8,,19438,19974
u146,0b2ee3,8,,19976,20273
u147,0b2ee3,8,,20573,20829
u148,0b2ee3,8,,22080,22382
u149,0b2ee3,8,,22385,22546
u150,0b2ee3,8,,22795,23048
u151,0b2ee3,8,,23504,23890
u152,bd7860,8,,19613,19974
u153,bd7860,8,,24133,24135
u154,bd7860,8,,19976,20273
u155,bd7860,8,,20275,20571
u156,bd7860,8,,22080,22382
u157,bd7860,8,,22635,23048
u158,bd7860,8,,23892,24133
u159,e44f57,8,,19060,20273
u160,e44f57,8,,20275,20571
u161,e44f57,8,,20573,20829
u162,e44f57,8,,21085,21086
u163,e44f57,8,,22548,23048
u164,e1ae88,8,,28357,28638
u165,0b2ee3,8,,25384,25553
u166,0b2ee3,8,,26807,27017
u167,0b2ee3,8,,27445,27603
u168,0b2ee3,8,,27234,27348
u169,0b2ee3,8,,27741,27949
u170,0b2ee3,8,,29254,29472
u171,0b2ee3,8,,29745,30011
u172,0b2ee3,8,,30014,30223
u173,fe9d3f,8,,29254,29472
u174,fe9d3f,8,,30014,30223
u175,fe9d3f,8,,29476,29743
u176,fe9d3f,8,,32550,32868
u177,fe9d3f,8,,32147,32381
u178,fe9d3f,8,,32550,32868
u179,0b2ee3,8,,30578,30728
u180,0b2ee3,8,,30730,30880
u181,0b2ee3,8,,30936,31005
u182,0b2ee3,8,,31410,31511
u183,0b2ee3,8,,32381,32384
u184,0b2ee3,8,,32009,32144
u185,0b2ee3,8,,32240,32381
u186,0b2ee3,8,,32484,32545
u187,0b2ee3,8,,32550,32708
u188,e1ae88,8,,30369,30575
u189,e1ae88,8,,30639,31005
u190,e1ae88,8,,32240,32381
u191,e1ae88,8,,32447,32545
u192,e1ae88,8,,32550,32840
u193,bd7860,8,,32147,32381
u194,bd7860,8,,30751,30880
u195,bd7860,8,,30913,31005
u196,bd7860,8,,30645,30728
u197,fe9d3f,8,,32928,32951
u198,0b2ee3,8,,33648,33957
u199,0b2ee3,8,,36082,36397
u200,fe9d3f,8,,33648,33957
u201,fe9d3f,8,,34164,34506
u202,fe9d3f,8,,34578,34797
u203,fe9d3f,8,,35196,35335
u204,0b2ee3,8,,37200,37459
u205,fe9d3f,8,,37033,37133
u206,fe9d3f,8,,37200,37637
u207,fe9d3f,8,,37761,37874
u208,0b2ee3,8,,38979,39468
u209,0b2ee3,8,,41049,41263
u210,0b2ee3,8,,41790,41907
u211,0b2ee3,8,,42693,42890
u212,0b2ee3,8,,43788,44057
u213,0b2ee3,8,,44194,44644
u214,e1ae88,8,,42717,42890
u215,e1ae88,8,,42903,43061
u216,e1ae88,8,,40824,41046
u217,e1ae88,8,,43486,43605
u218,0b2ee3,8,,45405,45765
u219,0b2ee3,8,,46092,46687
u220,0b2ee3,8,,47350,47537
u221,0b2ee3,8,,47042,47266
u222,0b2ee3,8,,48030,48343
u223,0b2ee3,8,,49568,49780
u224,0b2ee3,8,,49783,50352
u225,0b2ee3,8,,50610,50771
u226,bd7860,8,,52783,52827
u227,bd7860,8,,52363,52401
u228,bd7860,8,,52242,52277
u229,bd7860,8,,52830,52898
u230,fe9d3f,8,,46092,46687
u231,fe9d3f,8,,48030,48343
u232,fe9d3f,8,,48393,48461
u233,fe9d3f,8,,49167,49564
u234,fe9d3f,8,,51300,51407
u235,fe9d3f,8,,51429,51576
u236,fe9d3f,8,,54069,54094
u237,fe9d3f,8,,54097,54173
u238,fe9d3f,8,,54176,54223
u239,fe9d3f,8,,54529,54571
u240,fe9d3f,8,,54877,54898
u241,fe9d3f,8,,54914,55008
u242,fe9d3f,8,,55346,55449
u243,fe9d3f,8,,57156,57254
u244,fe9d3f,8,,57244,57560
u245,fe9d3f,8,,57708,57873
u246,fe9d3f,8,,57950,57982
u247,fe9d3f,8,,58176,58271
u248,fe9d3f,8,,58286,58778
u249,e1ae88,8,,59585,59667
u250,0b2ee3,8,,53689,53857
u251,0b2ee3,8,,53861,54066
u252,0b2ee3,8,,54356,54360
u253,0b2ee3,8,,54226,54403
u254,0b2ee3,8,,54575,54898
u255,0b2ee3,8,,55898,56054
u256,0b2ee3,8,,57244,57560
u257,0b2ee3,8,,57564,57873
u258,0b2ee3,8,,57877,58408
u259,0b2ee3,8,,58410,58778
u260,bd7860,8,,62743,62955
u261,fe9d3f,8,,61777,62041
u262,fe9d3f,8,,62390,62740
u263,fe9d3f,8,,62743,62955
u264,fe9d3f,8,,63641,63727
u265,fe9d3f,8,,63730,64100
u266,e1ae88,8,,60890,60945
u267,e1ae88,8,,61323,61568
u268,e1ae88,8,,61671,62041
u269,e1ae88,8,,62044,62387
u270,e1ae88,8,,62398,62629
u271,e1ae88,8,,62756,62857
u272,0b2ee3,8,,61806,62041
u273,0b2ee3,8,,62759,62760
u274,0b2ee3,8,,62434,62740
u275,0b2ee3,8,,62743,62901
u276,0b2ee3,8,,63240,63400
u277,0b2ee3,8,,63885,63942
u278,fe9d3f,8,,65333,65429
u279,fe9d3f,8,,65432,65567
u280,fe9d3f,8,,66004,66083
u281,fe9d3f,8,,66086,66131
u282,fe9d3f,8,,67455,67498
u283,0b2ee3,8,,65109,65330
u284,0b2ee3,8,,66086,66314
u285,0b2ee3,8,,66318,66396
u286,0b2ee3,8,,65450,65567
u287,fe9d3f,8,,68563,68597
u288,fe9d3f,8,,68963,69206
u289,fe9d3f,8,,69335,69566
u290,fe9d3f,8,,70715,70961
u291,fe9d3f,8,,71153,71254
u292,e1ae88,8,,70715,71087
u293,0b2ee3,8,,68523,68757
u294,0b2ee3,8,,71591,71594
u295,0b2ee3,8,,70964,70971
u296,0b2ee3,8,,69569,69918
u297,0b2ee3,8,,69921,70224
u298,0b2ee3,8,,70964,71254
u299,0b2ee3,8,,71380,71591
u300,fe9d3f,8,,72204,72410
u301,fe9d3f,8,,72643,72804
u302,fe9d3f,8,,73207,73713
u303,fe9d3f,8,,74724,74862
u304,fe9d3f,8,,74865,75050
u305,fe9d3f,8,,75053,75266
u306,fe9d3f,8,,75270,75512
u307,0b2ee3,8,,72204,72410
u308,0b2ee3,8,,72164,72179
u309,0b2ee3,8,,72413,72640
u310,0b2ee3,8,,72860,73094
u311,0b2ee3,8,,73097,73204
u312,0b2ee3,8,,73207,73490
u313,0b2ee3,8,,73716,73996
u314,0b2ee3,8,,73999,74298
u315,0b2ee3,8,,74302,74407
u316,0b2ee3,8,,74410,74721
u317,0b2ee3,8,,72643,72804
u318,0b2ee3,8,,74865,75050
u319,0b2ee3,8,,75053,75266
u320,0b2ee3,8,,75270,75512
u321,fe9d3f,8,,75993,76167
u322,fe9d3f,8,,77661,78031
u323,0b2ee3,8,,75514,75547
u324,0b2ee3,8,,75814,75989
u325,0b2ee3,8,,75993,76167
u326,0b2ee3,8,,76172,76474
u327,0b2ee3,8,,76815,77106
u328,0b2ee3,8,,77109,77243
u329,0b2ee3,8,,77247,77365
u330,0b2ee3,8,,77368,77658
u331,fe9d3f,8,,78718,78778
u332,fe9d3f,8,,78782,78968
u333,0b2ee3,8,,78050,78331
u334,0b2ee3,8,,78406,78550
u335,0b2ee3,8,,78782,78968
u336,0b2ee3,8,,78718,78778
u337,2d3196,8,,78230,78331
u338,e1ae88,8,,78240,78331
u339,452115,8,,78230,78331
u340,ca3c9e,8,,78240,78331
u341,00f548,8,,78240,78331
u342,fe9d3f,8,,79578,79665
u343,fe9d3f,8,,80339,80391
u344,fe9d3f,8,,82089,82263
u345,fe9d3f,8,,83601,83701
u346,0b2ee3,8,,79134,79298
u347,0b2ee3,8,,79555,79755
u348,0b2ee3,8,,79932,80064
u349,0b2ee3,8,,80067,80450
u350,0b2ee3,8,,80453,81110
u351,0b2ee3,8,,81539,81724
u352,0b2ee3,8,,81728,81834
u353,0b2ee3,8,,82267,82538
u354,0b2ee3,8,,82716,82894
u355,2d3196,8,,79145,79163
u356,2d3196,8,,79668,79712
u357,2d3196,8,,79597,79665
u358,fe9d3f,8,,83740,83902
u359,fe9d3f,8,,84182,84396
u360,fe9d3f,8,,84399,84503
u361,fe9d3f,8,,84521,84738
u362,fe9d3f,8,,84947,85064
u363,fe9d3f,8,,86496,86645
u364,fe9d3f,8,,86647,86654
u365,fe9d3f,8,,88922,89075
u366,fe9d3f,8,,89078,89199
u367,fe9d3f,8,,91029,91537
u368,0b2ee3,8,,84143,84179
u369,0b2ee3,8,,83742,83902
u370,0b2ee3,8,,83740,83741
u371,0b2ee3,8,,84182,84396
u372,0b2ee3,8,,87165,87168
u373,0b2ee3,8,,87347,87350
u374,0b2ee3,8,,84521,84738
u375,0b2ee3,8,,84884,85064
u376,0b2ee3,8,,86965,87165
u377,0b2ee3,8,,87184,87347
u378,fe9d3f,8,,93623,93755
u379,fe9d3f,8,,95043,95110
u380,0b2ee3,8,,92110,92166
u381,0b2ee3,8,,92168,92231
u382,0b2ee3,8,,92234,92417
u383,0b2ee3,8,,92421,92656
u384,0b2ee3,8,,92744,92985
u385,0b2ee3,8,,92990,93244
u386,0b2ee3,8,,93922,94214
u387,0b2ee3,8,,94448,94749
u388,fe9d3f,8,,97916,98008
u389,0b2ee3,8,,95962,96188
u390,0b2ee3,8,,96707,96769
u391,0b2ee3,8,,96772,96996
u392,0b2ee3,8,,97247,97789
u393,0b2ee3,8,,98282,98490
u394,fe9d3f,8,,98546,98948
u395,0b2ee3,8,,98645,98776
u396,0b2ee3,8,,98779,98948
u397,0b2ee3,8,,98966,99248
u398,0b2ee3,8,,99251,99289
u399,0b2ee3,8,,99615,99770
u400,0b2ee3,8,,99774,99912
u401,fe9d3f,8,,100836,101086
u402,fe9d3f,8,,102926,103102
u403,fe9d3f,8,,103105,103403
u404,0b2ee3,8,,101578,101637
u405,0b2ee3,8,,101782,102022
u406,0b2ee3,8,,102026,102416
u407,0b2ee3,8,,103105,103326
u408,0b2ee3,8,,104029,104327
u409,fe9d3f,8,,105394,105487
u410,fe9d3f,8,,106060,106476
u411,fe9d3f,8,,106920,107054
u412,fe9d3f,8,,107531,107602
u413,fe9d3f,8,,107606,107854
u414,fe9d3f,8,,107857,108031
u415,fe9d3f,8,,108297,108384
u416,fe9d3f,8,,108387,108788
u417,fe9d3f,8,,109388,109584
u418,fe9d3f,8,,111157,111554
u419,fe9d3f,8,,112353,112501
u420,fe9d3f,8,,112922,113083
u421,fe9d3f,8,,114364,114644
u422,fe9d3f,8,,114725,115115
u423,fe9d3f,8,,115741,116064
u424,fe9d3f,8,,117144,117181
u425,fe9d3f,8,,116682,118884
u426,fe9d3f,8,,120824,120882
u427,fe9d3f,8,,122187,122483
u428,fe9d3f,8,,122486,122957
u429,fe9d3f,8,,122960,123118
u430,fe9d3f,8,,123430,123852
u431,fe9d3f,8,,124537,124694
u432,fe9d3f,8,,124880,124972
u433,fe9d3f,8,,125227,125455
u434,fe9d3f,8,,125996,126345
u435,fe9d3f,8,,126598,126814
u436,fe9d3f,8,,127466,127615
u437,fe9d3f,8,,127864,128048
u438,fe9d3f,8,,128051,128172
u439,fe9d3f,8,,128292,128453
u440,fe9d3f,8,,128578,128923
u441,fe9d3f,8,,128927,129084
u442,fe9d3f,8,,130168,130274
u443,fe9d3f,8,,132673,132714
u444,fe9d3f,8,,133197,133393
u445,fe9d3f,8,,135608,135655
u446,fe9d3f,8,,135658,135886
u447,fe9d3f,8,,136010,136068
u448,fe9d3f,8,,136071,136371
u449,fe9d3f,8,,136374,136586
u450,fe9d3f,8,,136568,136629
u451,fe9d3f,8,,137615,138054
u452,fe9d3f,8,,138650,138729
u453,fe9d3f,8,,138986,139153
u454,fe9d3f,8,,140065,140215
u455,fe9d3f,8,,141595,141817
u456,fe9d3f,8,,142963,143017
u457,fe9d3f,8,,143383,143675
u458,fe9d3f,8,,145114,145357
u459,fe9d3f,8,,147370,147454
u460,fe9d3f,8,,148901,148977
u461,fe9d3f,8,,149199,149259
u462,fe9d3f,8,,149978,150172
u463,fe9d3f,8,,150220,150325
u464,fe9d3f,8,,151249,151400
u465,fe9d3f,8,,151403,151973
u466,fe9d3f,8,,152901,153245
u467,fe9d3f,8,,153839,154037
u468,fe9d3f,8,,154169,154250
u469,fe9d3f,8,,154563,154627
u470,fe9d3f,8,,154982,155138
u471,fe9d3f,8,,157224,157527
u472,fe9d3f,8,,159654,159905
u473,fe9d3f,8,,162342,162415
u474,fe9d3f,8,,164291,164389
u475,fe9d3f,8,,164886,164962
u476,fe9d3f,8,,167461,167582
u477,fe9d3f,8,,168928,169173
u478,fe9d3f,8,,169515,169685
u479,fe9d3f,8,,170904,170959
u480,fe9d3f,8,,171329,171553
u481,fe9d3f,8,,172836,172881
u482,fe9d3f,8,,174243,174277
u483,fe9d3f,8,,174378,174436
u484,fe9d3f,8,,174557,174788
u485,fe9d3f,8,,175256,175482
u486,fe9d3f,8,,177843,178175
u487,fe9d3f,8,,180308,180744
u488,fe9d3f,8,,181667,181742
u489,fe9d3f,8,,181892,182187
u490,fe9d3f,8,,183014,183739
u491,fe9d3f,8,,184098,184232
u492,fe9d3f,8,,185204,185452
u493,fe9d3f,8,,186109,186428
u494,fe9d3f,8,,186678,186915
u495,fe9d3f,8,,188944,189262
u496,fe9d3f,8,,189996,190576
u497,fe9d3f,8,,190822,191013
u498,fe9d3f,8,,191672,192115
u499,fe9d3f,8,,192118,192321
u500,fe9d3f,8,,192605,192796
u501,fe9d3f,8,,193960,194342
u502,fe9d3f,8,,194773,195089
u503,fe9d3f,8,,195067,195222
u504,fe9d3f,8,,195233,195320
u505,fe9d3f,8,,195324,195662
u506,fe9d3f,8,,196633,196857
u507,fe9d3f,8,,196846,196877
u508,fe9d3f,8,,196885,197318
u509,fe9d3f,8,,198784,199097
u510,fe9d3f,8,,200102,200312
u511,fe9d3f,8,,201420,201727
u512,fe9d3f,8,,202072,202282
u513,fe9d3f,8,,202556,203316
u514,fe9d3f,8,,204532,204725
u515,fe9d3f,8,,204844,205065
u516,fe9d3f,8,,205473,206203
u517,fe9d3f,8,,207734,207928
u518,fe9d3f,8,,208008,208242
u519,fe9d3f,8,,208631,208828
u520,fe9d3f,8,,209892,210038
u521,fe9d3f,8,,210560,210592
u522,fe9d3f,8,,210810,211000
u523,fe9d3f,8,,212506,212591
u524,fe9d3f,8,,213472,213510
u525,fe9d3f,8,,213832,213861
u526,fe9d3f,8,,214122,214195
u527,fe9d3f,8,,215264,215385
u528,fe9d3f,8,,216358,216642
u529,fe9d3f,8,,218325,218515
u530,fe9d3f,8,,218631,219129
u531,fe9d3f,8,,219292,219332
u532,fe9d3f,8,,219557,219697
u533,fe9d3f,8,,219848,220059
u534,fe9d3f,8,,220938,221097
u535,fe9d3f,8,,221770,221973
u536,fe9d3f,8,,222169,222372
u537,fe9d3f,8,,223416,223619
u538,fe9d3f,8,,223934,224046
u539,fe9d3f,8,,224050,224372
u540,fe9d3f,8,,224534,224814
u541,fe9d3f,8,,225488,225656
u542,fe9d3f,8,,225659,225850
u543,fe9d3f,8,,226386,226668
u544,fe9d3f,8,,226672,227095
u545,fe9d3f,8,,227344,227433
u546,fe9d3f,8,,228623,228893
u547,fe9d3f,8,,230376,230609
u548,fe9d3f,8,,230853,230993
u549,fe9d3f,8,,231359,231577
u550,fe9d3f,8,,231937,231986
u551,fe9d3f,8,,232658,232953
u552,fe9d3f,8,,233583,233907
u553,fe9d3f,8,,235105,235154
u554,fe9d3f,8,,235373,235733
u555,fe9d3f,8,,235894,236280
u556,fe9d3f,8,,237131,237511
u557,fe9d3f,8,,239358,239452
u558,fe9d3f,8,,240707,240839
u559,fe9d3f,8,,241176,241250
u560,fe9d3f,8,,241611,241832
u561,fe9d3f,8,,243042,243260
u562,fe9d3f,8,,245565,245661
u563,fe9d3f,8,,248570,248749
u564,fe9d3f,8,,248911,249152
u565,fe9d3f,8,,249307,249792
u566,fe9d3f,8,,249920,250087
u567,fe9d3f,8,,250429,250528
u568,fe9d3f,8,,251169,251402
u569,fe9d3f,8,,251780,252067
u570,fe9d3f,8,,253159,253297
u571,fe9d3f,8,,255784,255895
u572,fe9d3f,8,,256604,256689
u573,fe9d3f,8,,257577,257648
u574,fe9d3f,8,,257651,257951
u575,fe9d3f,8,,258056,258155
u576,fe9d3f,8,,258176,258392
u577,fe9d3f,8,,259022,259307
u578,fe9d3f,8,,259874,259961
u579,fe9d3f,8,,260090,260285
u580,fe9d3f,8,,260289,260394
u581,fe9d3f,8,,260398,260522
u582,fe9d3f,8,,261003,261193
u583,fe9d3f,8,,262683,262967
u584,fe9d3f,8,,263758,263927
u585,fe9d3f,8,,266829,267002
u586,fe9d3f,8,,268629,268885
u587,fe9d3f,8,,270500,270751
u588,fe9d3f,8,,271039,271091
u589,fe9d3f,8,,271848,271867
u590,fe9d3f,8,,273391,273632
u591,fe9d3f,8,,273635,273968
u592,fe9d3f,8,,273972,274076
u593,fe9d3f,8,,274752,274817
u594,fe9d3f,8,,274820,274852
u595,fe9d3f,8,,275335,275477
u596,fe9d3f,8,,277206,277246
u597,fe9d3f,8,,277887,277972
u598,fe9d3f,8,,278212,278584
u599,fe9d3f,8,,279959,280162
u600,fe9d3f,8,,280361,280614
u601,fe9d3f,8,,280991,281149
u602,fe9d3f,8,,281811,282112
u603,fe9d3f,8,,282538,282587
u604,fe9d3f,8,,282752,282911
u605,fe9d3f,8,,283257,283335
u606,fe9d3f,8,,283339,283669
u607,fe9d3f,8,,284341,284431
u608,fe9d3f,8,,284898,285069
u609,fe9d3f,8,,285732,285889
u610,fe9d3f,8,,286702,286885
u611,fe9d3f,8,,287758,287837
u612,fe9d3f,8,,288849,289188
u613,fe9d3f,8,,291617,291785
u614,fe9d3f,8,,291820,291847
u615,fe9d3f,8,,292710,292909
u616,fe9d3f,8,,293260,293562
u617,fe9d3f,8,,293707,293877
u618,fe9d3f,8,,296602,296956
u619,fe9d3f,8,,298195,298376
u620,fe9d3f,8,,298572,298650
u621,fe9d3f,8,,299018,299125
u622,fe9d3f,8,,299972,300186
u623,fe9d3f,8,,300686,300738
u624,fe9d3f,8,,301059,301109
u625,fe9d3f,8,,301176,301492
u626,fe9d3f,8,,301497,301926
u627,fe9d3f,8,,301995,302228
u628,fe9d3f,8,,303225,303427
u629,fe9d3f,8,,307165,307197
u630,fe9d3f,8,,308118,308214
u631,fe9d3f,8,,308882,309915
u632,fe9d3f,8,,310981,311772
u633,fe9d3f,8,,312184,312387
u634,fe9d3f,8,,313062,313163
u635,fe9d3f,8,,316433,316660
u636,fe9d3f,8,,316836,316861
u637,fe9d3f,8,,317403,317471
u638,fe9d3f,8,,317616,317785
u639,fe9d3f,8,,319575,319594
u640,fe9d3f,8,,320881,321052
u641,fe9d3f,8,,321741,321977
u642,fe9d3f,8,,322281,322820
u643,fe9d3f,8,,324748,325358
u644,fe9d3f,8,,326120,326433
u645,fe9d3f,8,,327379,327641
u646,fe9d3f,8,,328578,328721
u647,fe9d3f,8,,329665,329833
u648,fe9d3f,8,,329836,329960
u649,fe9d3f,8,,329963,330264
u650,fe9d3f,8,,331396,331553
u651,fe9d3f,8,,334385,334549
u652,fe9d3f,8,,335313,335360
u653,fe9d3f,8,,336109,336271
u654,fe9d3f,8,,338399,338764
u655,fe9d3f,8,,338879,339047
u656,fe9d3f,8,,339719,339827
u657,fe9d3f,8,,341783,341972
u658,fe9d3f,8,,343878,344097
u659,fe9d3f,8,,344469,344549
u660,fe9d3f,8,,345235,345436
u661,fe9d3f,8,,346414,346605
u662,fe9d3f,8,,346861,347000
u663,fe9d3f,8,,347924,348198
u664,fe9d3f,8,,348767,348879
u665,fe9d3f,8,,352096,352297
u666,fe9d3f,8,,355616,355937
u667,fe9d3f,8,,355940,356106
u668,fe9d3f,8,,357199,357640
u669,fe9d3f,8,,358616,358981
